subject,target,electrode,n_cal_runs,method,r,n_test_runs
dmnelf001,PDA,Fz,0,group_only,-0.0037546153294109952,4
dmnelf001,PDA,Fz,1,group_only,0.012358469286750131,3
dmnelf001,PDA,Fz,1,pseudo_cal,-5.765891176232225e-06,3
dmnelf001,PDA,Fz,1,blend,0.0075673048323866374,3
dmnelf001,PDA,Fz,2,group_only,-0.04220470902168856,2
dmnelf001,PDA,Fz,2,pseudo_cal,0.03182048268260217,2
dmnelf001,PDA,Fz,2,blend,-0.0064091612784927705,2
dmnelf001,PDA,Fz,3,group_only,0.04475189868760712,1
dmnelf001,PDA,Fz,3,pseudo_cal,0.17404092033445934,1
dmnelf001,PDA,Fz,3,blend,0.1250760059906095,1
dmnelf001,GSR_CEN,Fp2,0,group_only,0.04783339774370146,4
dmnelf001,GSR_CEN,Fp2,1,group_only,0.003334775970879148,3
dmnelf001,GSR_CEN,Fp2,1,pseudo_cal,-0.0529573044427946,3
dmnelf001,GSR_CEN,Fp2,1,blend,-0.033903042164024906,3
dmnelf001,GSR_CEN,Fp2,2,group_only,0.052733083908588205,2
dmnelf001,GSR_CEN,Fp2,2,pseudo_cal,-0.12834538604832862,2
dmnelf001,GSR_CEN,Fp2,2,blend,-0.05144955022542217,2
dmnelf001,GSR_CEN,Fp2,3,group_only,-0.09070270275888387,1
dmnelf001,GSR_CEN,Fp2,3,pseudo_cal,0.10007145326396757,1
dmnelf001,GSR_CEN,Fp2,3,blend,0.007872607003346094,1
dmnelf001,CEN,Fz,0,group_only,0.048282051568782416,4
dmnelf001,CEN,Fz,1,group_only,0.042109198441450335,3
dmnelf001,CEN,Fz,1,pseudo_cal,-0.0006789023326169261,3
dmnelf001,CEN,Fz,1,blend,0.02429622152918542,3
dmnelf001,CEN,Fz,2,group_only,0.031736753755914573,2
dmnelf001,CEN,Fz,2,pseudo_cal,0.08811065863164126,2
dmnelf001,CEN,Fz,2,blend,0.07191698687057124,2
dmnelf001,CEN,Fz,3,group_only,0.11022028444445865,1
dmnelf001,CEN,Fz,3,pseudo_cal,0.2975528928883219,1
dmnelf001,CEN,Fz,3,blend,0.23754729300823937,1
dmnelf001,DMN,FC5,0,group_only,0.11431599187268898,4
dmnelf001,DMN,FC5,1,group_only,0.12119728186550777,3
dmnelf001,DMN,FC5,1,pseudo_cal,0.14416222666783085,3
dmnelf001,DMN,FC5,1,blend,0.16071069893130926,3
dmnelf001,DMN,FC5,2,group_only,0.11487948482626602,2
dmnelf001,DMN,FC5,2,pseudo_cal,0.07814412570024226,2
dmnelf001,DMN,FC5,2,blend,0.12071929862902048,2
dmnelf001,DMN,FC5,3,group_only,0.24811087836590878,1
dmnelf001,DMN,FC5,3,pseudo_cal,0.2743028646563765,1
dmnelf001,DMN,FC5,3,blend,0.3634791233487952,1
dmnelf001,GSR_PDA,Fz,0,group_only,0.00410384828921506,4
dmnelf001,GSR_PDA,Fz,1,group_only,0.03244404634012389,3
dmnelf001,GSR_PDA,Fz,1,pseudo_cal,-0.002748207862313885,3
dmnelf001,GSR_PDA,Fz,1,blend,0.01883331853920105,3
dmnelf001,GSR_PDA,Fz,2,group_only,-0.0157463098345636,2
dmnelf001,GSR_PDA,Fz,2,pseudo_cal,0.01943816905993856,2
dmnelf001,GSR_PDA,Fz,2,blend,0.0023025915996005173,2
dmnelf001,GSR_PDA,Fz,3,group_only,0.04822619035154712,1
dmnelf001,GSR_PDA,Fz,3,pseudo_cal,0.16870847394601457,1
dmnelf001,GSR_PDA,Fz,3,blend,0.12367416511795234,1
dmnelf001,GSR_DMN,FC5,0,group_only,-0.014306107383918538,4
dmnelf001,GSR_DMN,FC5,1,group_only,-0.0022675851439343843,3
dmnelf001,GSR_DMN,FC5,1,pseudo_cal,0.027420267543482493,3
dmnelf001,GSR_DMN,FC5,1,blend,0.01653759159542143,3
dmnelf001,GSR_DMN,FC5,2,group_only,-0.06863760944236076,2
dmnelf001,GSR_DMN,FC5,2,pseudo_cal,-0.06625061558889614,2
dmnelf001,GSR_DMN,FC5,2,blend,-0.08897778365069968,2
dmnelf001,GSR_DMN,FC5,3,group_only,0.1019698916468379,1
dmnelf001,GSR_DMN,FC5,3,pseudo_cal,0.14820240806557708,1
dmnelf001,GSR_DMN,FC5,3,blend,0.20113230784973796,1
dmnelf001,proxy_PDA,Fz-FC5,0,group_only,-0.09827496215392573,4
dmnelf004,PDA,Fp2,0,group_only,0.16575359533602463,4
dmnelf004,PDA,Fp2,1,group_only,0.1753828837614485,3
dmnelf004,PDA,Fp2,1,pseudo_cal,0.11879887247110692,3
dmnelf004,PDA,Fp2,1,blend,0.17765445816885972,3
dmnelf004,PDA,Fp2,2,group_only,0.12992806495888476,2
dmnelf004,PDA,Fp2,2,pseudo_cal,0.08395161110491646,2
dmnelf004,PDA,Fp2,2,blend,0.12281454501243415,2
dmnelf004,PDA,Fp2,3,group_only,0.09018539761942046,1
dmnelf004,PDA,Fp2,3,pseudo_cal,-0.13397135532199475,1
dmnelf004,PDA,Fp2,3,blend,-0.025097508161904633,1
dmnelf004,GSR_CEN,F7,0,group_only,0.13691681875856893,4
dmnelf004,GSR_CEN,F7,1,group_only,0.11579370409998893,3
dmnelf004,GSR_CEN,F7,1,pseudo_cal,-0.23778506580142555,3
dmnelf004,GSR_CEN,F7,1,blend,-0.11249756022204914,3
dmnelf004,GSR_CEN,F7,2,group_only,0.23942959007484224,2
dmnelf004,GSR_CEN,F7,2,pseudo_cal,0.22208578477441915,2
dmnelf004,GSR_CEN,F7,2,blend,0.2870419354698143,2
dmnelf004,GSR_CEN,F7,3,group_only,0.4791381557052708,1
dmnelf004,GSR_CEN,F7,3,pseudo_cal,-0.0732687416455666,1
dmnelf004,GSR_CEN,F7,3,blend,0.31564506788260077,1
dmnelf004,CEN,F8,0,group_only,0.11157155556315565,4
dmnelf004,CEN,F8,1,group_only,0.07584221153892666,3
dmnelf004,CEN,F8,1,pseudo_cal,-0.06951647590247104,3
dmnelf004,CEN,F8,1,blend,0.0036781952423222486,3
dmnelf004,CEN,F8,2,group_only,0.16979032222156043,2
dmnelf004,CEN,F8,2,pseudo_cal,0.02208253864774112,2
dmnelf004,CEN,F8,2,blend,0.1360253523333754,2
dmnelf004,CEN,F8,3,group_only,0.3314650614374202,1
dmnelf004,CEN,F8,3,pseudo_cal,-0.04431732538297109,1
dmnelf004,CEN,F8,3,blend,0.2779384521542894,1
dmnelf004,DMN,F8,0,group_only,0.07519985200954289,4
dmnelf004,DMN,F8,1,group_only,0.06764623275581899,3
dmnelf004,DMN,F8,1,pseudo_cal,0.07414032182542656,3
dmnelf004,DMN,F8,1,blend,0.10999116425412014,3
dmnelf004,DMN,F8,2,group_only,0.14329657626172485,2
dmnelf004,DMN,F8,2,pseudo_cal,0.16863609911450664,2
dmnelf004,DMN,F8,2,blend,0.1952293585329166,2
dmnelf004,DMN,F8,3,group_only,0.2075140915708136,1
dmnelf004,DMN,F8,3,pseudo_cal,0.2586243987109608,1
dmnelf004,DMN,F8,3,blend,0.26163976936119415,1
dmnelf004,GSR_PDA,Fz,0,group_only,0.02342113850757578,4
dmnelf004,GSR_PDA,Fz,1,group_only,0.0041583139992556785,3
dmnelf004,GSR_PDA,Fz,1,pseudo_cal,0.14526095415186532,3
dmnelf004,GSR_PDA,Fz,1,blend,0.09427766049239218,3
dmnelf004,GSR_PDA,Fz,2,group_only,-0.0023685382252808707,2
dmnelf004,GSR_PDA,Fz,2,pseudo_cal,0.21414321018041957,2
dmnelf004,GSR_PDA,Fz,2,blend,0.1313268057985292,2
dmnelf004,GSR_PDA,Fz,3,group_only,0.06787565461406911,1
dmnelf004,GSR_PDA,Fz,3,pseudo_cal,0.02658805799410307,1
dmnelf004,GSR_PDA,Fz,3,blend,0.05434628388669686,1
dmnelf004,GSR_DMN,FC5,0,group_only,-0.05119703818842108,4
dmnelf004,GSR_DMN,FC5,1,group_only,-0.037768581883322674,3
dmnelf004,GSR_DMN,FC5,1,pseudo_cal,-0.09648160055897251,3
dmnelf004,GSR_DMN,FC5,1,blend,-0.10514824843370153,3
dmnelf004,GSR_DMN,FC5,2,group_only,-0.1269416104805484,2
dmnelf004,GSR_DMN,FC5,2,pseudo_cal,-0.03794561685060735,2
dmnelf004,GSR_DMN,FC5,2,blend,-0.13541033097582417,2
dmnelf004,GSR_DMN,FC5,3,group_only,-0.24110424372123002,1
dmnelf004,GSR_DMN,FC5,3,pseudo_cal,0.12655888833058923,1
dmnelf004,GSR_DMN,FC5,3,blend,-0.08962531087993672,1
dmnelf004,proxy_PDA,F8-F8,0,group_only,0.09323917710362548,4
dmnelf005,PDA,Fp2,0,group_only,0.07103673407195568,4
dmnelf005,PDA,Fp2,1,group_only,-0.0027834329166458094,3
dmnelf005,PDA,Fp2,1,pseudo_cal,0.09330405662655991,3
dmnelf005,PDA,Fp2,1,blend,0.07951972857235429,3
dmnelf005,PDA,Fp2,2,group_only,-0.02077566534825917,2
dmnelf005,PDA,Fp2,2,pseudo_cal,0.1763388445820802,2
dmnelf005,PDA,Fp2,2,blend,0.08694159767965212,2
dmnelf005,PDA,Fp2,3,group_only,0.34957066290578886,1
dmnelf005,PDA,Fp2,3,pseudo_cal,0.38928402064248985,1
dmnelf005,PDA,Fp2,3,blend,0.48831384981155873,1
dmnelf005,GSR_CEN,Fp1,0,group_only,0.2948798517339088,4
dmnelf005,GSR_CEN,Fp1,1,group_only,0.2556409593733075,3
dmnelf005,GSR_CEN,Fp1,1,pseudo_cal,-0.3722041319054182,3
dmnelf005,GSR_CEN,Fp1,1,blend,-0.11225814443468847,3
dmnelf005,GSR_CEN,Fp1,2,group_only,0.13658861737900727,2
dmnelf005,GSR_CEN,Fp1,2,pseudo_cal,-0.2842278334544781,2
dmnelf005,GSR_CEN,Fp1,2,blend,-0.09881849618027341,2
dmnelf005,GSR_CEN,Fp1,3,group_only,0.31054858055788076,1
dmnelf005,GSR_CEN,Fp1,3,pseudo_cal,-0.4495020675987293,1
dmnelf005,GSR_CEN,Fp1,3,blend,-0.15469546151000846,1
dmnelf005,CEN,F8,0,group_only,0.15502337532614416,4
dmnelf005,CEN,F8,1,group_only,0.05760330640488409,3
dmnelf005,CEN,F8,1,pseudo_cal,0.00910963388134304,3
dmnelf005,CEN,F8,1,blend,0.04892028284603082,3
dmnelf005,CEN,F8,2,group_only,-0.02706311165309996,2
dmnelf005,CEN,F8,2,pseudo_cal,0.22594173574873153,2
dmnelf005,CEN,F8,2,blend,0.1570228310575747,2
dmnelf005,CEN,F8,3,group_only,0.084809644103326,1
dmnelf005,CEN,F8,3,pseudo_cal,-0.05029606523463587,1
dmnelf005,CEN,F8,3,blend,0.028288232020033523,1
dmnelf005,DMN,FC5,0,group_only,0.0740811531286338,4
dmnelf005,DMN,FC5,1,group_only,0.05564538355011525,3
dmnelf005,DMN,FC5,1,pseudo_cal,0.02922088248384345,3
dmnelf005,DMN,FC5,1,blend,0.05675841017687854,3
dmnelf005,DMN,FC5,2,group_only,-0.010288866839490983,2
dmnelf005,DMN,FC5,2,pseudo_cal,-0.06670112512311205,2
dmnelf005,DMN,FC5,2,blend,-0.07812720523064448,2
dmnelf005,DMN,FC5,3,group_only,-0.13116680521423402,1
dmnelf005,DMN,FC5,3,pseudo_cal,0.13377881721398557,1
dmnelf005,DMN,FC5,3,blend,0.002089468899273553,1
dmnelf005,GSR_PDA,Fp1,0,group_only,0.33511316790807355,4
dmnelf005,GSR_PDA,Fp1,1,group_only,0.2841043931180284,3
dmnelf005,GSR_PDA,Fp1,1,pseudo_cal,-0.2793146015644894,3
dmnelf005,GSR_PDA,Fp1,1,blend,0.003368359159474753,3
dmnelf005,GSR_PDA,Fp1,2,group_only,0.07334909349199434,2
dmnelf005,GSR_PDA,Fp1,2,pseudo_cal,-0.1941997692054397,2
dmnelf005,GSR_PDA,Fp1,2,blend,-0.07320801178625429,2
dmnelf005,GSR_PDA,Fp1,3,group_only,0.1236343915280852,1
dmnelf005,GSR_PDA,Fp1,3,pseudo_cal,-0.22141368338850625,1
dmnelf005,GSR_PDA,Fp1,3,blend,-0.07292613199672238,1
dmnelf005,GSR_DMN,FC5,0,group_only,0.029345698735259596,4
dmnelf005,GSR_DMN,FC5,1,group_only,0.05149228598896354,3
dmnelf005,GSR_DMN,FC5,1,pseudo_cal,0.11379240614145697,3
dmnelf005,GSR_DMN,FC5,1,blend,0.1125875446227913,3
dmnelf005,GSR_DMN,FC5,2,group_only,-0.07258871957275663,2
dmnelf005,GSR_DMN,FC5,2,pseudo_cal,-0.05800180775590523,2
dmnelf005,GSR_DMN,FC5,2,blend,-0.09324314955346782,2
dmnelf005,GSR_DMN,FC5,3,group_only,-0.1580321389050573,1
dmnelf005,GSR_DMN,FC5,3,pseudo_cal,0.21192524589708164,1
dmnelf005,GSR_DMN,FC5,3,blend,0.036785146026064676,1
dmnelf005,proxy_PDA,F8-FC5,0,group_only,0.17602120078085387,4
dmnelf006,PDA,Fz,0,group_only,-0.09445012151739345,4
dmnelf006,PDA,Fz,1,group_only,-0.19060442699079375,3
dmnelf006,PDA,Fz,1,pseudo_cal,0.140846875251408,3
dmnelf006,PDA,Fz,1,blend,-0.03383831641628138,3
dmnelf006,PDA,Fz,2,group_only,-0.09725989933444135,2
dmnelf006,PDA,Fz,2,pseudo_cal,0.12905629699753499,2
dmnelf006,PDA,Fz,2,blend,0.01831473235899974,2
dmnelf006,PDA,Fz,3,group_only,-0.2394521284547622,1
dmnelf006,PDA,Fz,3,pseudo_cal,0.13902317928303673,1
dmnelf006,PDA,Fz,3,blend,-0.058590163102171744,1
dmnelf006,GSR_CEN,F7,0,group_only,-0.0673458458495339,4
dmnelf006,GSR_CEN,F7,1,group_only,-0.048191836125555686,3
dmnelf006,GSR_CEN,F7,1,pseudo_cal,-0.053900344150984734,3
dmnelf006,GSR_CEN,F7,1,blend,-0.07139214192059257,3
dmnelf006,GSR_CEN,F7,2,group_only,-0.0007952879085714573,2
dmnelf006,GSR_CEN,F7,2,pseudo_cal,0.01668308656879406,2
dmnelf006,GSR_CEN,F7,2,blend,0.008552634301806621,2
dmnelf006,GSR_CEN,F7,3,group_only,-0.02942995834795316,1
dmnelf006,GSR_CEN,F7,3,pseudo_cal,-0.025014022586322977,1
dmnelf006,GSR_CEN,F7,3,blend,-0.0328010354397723,1
dmnelf006,CEN,Fz,0,group_only,-0.09006494238073957,4
dmnelf006,CEN,Fz,1,group_only,0.03674801922475963,3
dmnelf006,CEN,Fz,1,pseudo_cal,-0.03110109400241867,3
dmnelf006,CEN,Fz,1,blend,0.003925502468478237,3
dmnelf006,CEN,Fz,2,group_only,0.05564810129155014,2
dmnelf006,CEN,Fz,2,pseudo_cal,0.12110278088126424,2
dmnelf006,CEN,Fz,2,blend,0.10289388207291551,2
dmnelf006,CEN,Fz,3,group_only,-0.05032792639003547,1
dmnelf006,CEN,Fz,3,pseudo_cal,0.09234634954033577,1
dmnelf006,CEN,Fz,3,blend,0.02465978425295681,1
dmnelf006,DMN,FC5,0,group_only,0.06896747790621958,4
dmnelf006,DMN,FC5,1,group_only,0.05356864817185021,3
dmnelf006,DMN,FC5,1,pseudo_cal,0.2808782792789527,3
dmnelf006,DMN,FC5,1,blend,0.23674520031991692,3
dmnelf006,DMN,FC5,2,group_only,0.029263976277104694,2
dmnelf006,DMN,FC5,2,pseudo_cal,-0.18658860420957438,2
dmnelf006,DMN,FC5,2,blend,-0.15080804210746945,2
dmnelf006,DMN,FC5,3,group_only,-0.00985520576197349,1
dmnelf006,DMN,FC5,3,pseudo_cal,-0.09107774634995204,1
dmnelf006,DMN,FC5,3,blend,-0.0881808440255503,1
dmnelf006,GSR_PDA,Fz,0,group_only,-0.09238849375502929,4
dmnelf006,GSR_PDA,Fz,1,group_only,-0.15469335902064715,3
dmnelf006,GSR_PDA,Fz,1,pseudo_cal,0.11435793444846068,3
dmnelf006,GSR_PDA,Fz,1,blend,-0.02748092426774534,3
dmnelf006,GSR_PDA,Fz,2,group_only,-0.07356247127726925,2
dmnelf006,GSR_PDA,Fz,2,pseudo_cal,0.15198848292879558,2
dmnelf006,GSR_PDA,Fz,2,blend,0.04493005908054233,2
dmnelf006,GSR_PDA,Fz,3,group_only,-0.1635294940157251,1
dmnelf006,GSR_PDA,Fz,3,pseudo_cal,0.1348473238502585,1
dmnelf006,GSR_PDA,Fz,3,blend,-0.017280021464537925,1
dmnelf006,GSR_DMN,FC5,0,group_only,0.06687614401694102,4
dmnelf006,GSR_DMN,FC5,1,group_only,0.0013496097678326689,3
dmnelf006,GSR_DMN,FC5,1,pseudo_cal,0.19667351389691473,3
dmnelf006,GSR_DMN,FC5,1,blend,0.160679818433751,3
dmnelf006,GSR_DMN,FC5,2,group_only,0.021346880640082146,2
dmnelf006,GSR_DMN,FC5,2,pseudo_cal,-0.10205679533321055,2
dmnelf006,GSR_DMN,FC5,2,blend,-0.06574672565445736,2
dmnelf006,GSR_DMN,FC5,3,group_only,0.06604065858958093,1
dmnelf006,GSR_DMN,FC5,3,pseudo_cal,0.046339434201250126,1
dmnelf006,GSR_DMN,FC5,3,blend,0.09165369409992906,1
dmnelf006,proxy_PDA,Fz-FC5,0,group_only,0.10683266255409635,4
dmnelf007,PDA,FC1,0,group_only,0.15573508916651313,4
dmnelf007,PDA,FC1,1,group_only,0.2066393513174138,3
dmnelf007,PDA,FC1,1,pseudo_cal,0.25659702871942147,3
dmnelf007,PDA,FC1,1,blend,0.2794090202438823,3
dmnelf007,PDA,FC1,2,group_only,0.3665482789362235,2
dmnelf007,PDA,FC1,2,pseudo_cal,-0.18897900185784042,2
dmnelf007,PDA,FC1,2,blend,0.179054421768612,2
dmnelf007,PDA,FC1,3,group_only,0.5378269561474013,1
dmnelf007,PDA,FC1,3,pseudo_cal,-0.39950289342617135,1
dmnelf007,PDA,FC1,3,blend,0.1689057416456699,1
dmnelf007,GSR_CEN,FC5,0,group_only,0.1327935110606654,4
dmnelf007,GSR_CEN,FC5,1,group_only,0.19737205292105867,3
dmnelf007,GSR_CEN,FC5,1,pseudo_cal,-0.13864037096984805,3
dmnelf007,GSR_CEN,FC5,1,blend,0.06653780145107088,3
dmnelf007,GSR_CEN,FC5,2,group_only,0.22605154264558577,2
dmnelf007,GSR_CEN,FC5,2,pseudo_cal,-0.018070471339267265,2
dmnelf007,GSR_CEN,FC5,2,blend,0.15666069156693943,2
dmnelf007,GSR_CEN,FC5,3,group_only,0.561667427854527,1
dmnelf007,GSR_CEN,FC5,3,pseudo_cal,0.27678141595762773,1
dmnelf007,GSR_CEN,FC5,3,blend,0.604433181927992,1
dmnelf007,CEN,Fz,0,group_only,0.061986559287341446,4
dmnelf007,CEN,Fz,1,group_only,0.11883003354377705,3
dmnelf007,CEN,Fz,1,pseudo_cal,0.32839131690581824,3
dmnelf007,CEN,Fz,1,blend,0.2721560459188855,3
dmnelf007,CEN,Fz,2,group_only,0.09176795079074002,2
dmnelf007,CEN,Fz,2,pseudo_cal,-0.17788357137661195,2
dmnelf007,CEN,Fz,2,blend,-0.07295217301435675,2
dmnelf007,CEN,Fz,3,group_only,0.3372574246739087,1
dmnelf007,CEN,Fz,3,pseudo_cal,-0.4251021253313402,1
dmnelf007,CEN,Fz,3,blend,-0.09926671929419308,1
dmnelf007,DMN,FC5,0,group_only,0.07526331025391374,4
dmnelf007,DMN,FC5,1,group_only,0.08319486228423582,3
dmnelf007,DMN,FC5,1,pseudo_cal,0.2308870968268474,3
dmnelf007,DMN,FC5,1,blend,0.2229318062523174,3
dmnelf007,DMN,FC5,2,group_only,0.004065926077212537,2
dmnelf007,DMN,FC5,2,pseudo_cal,0.07924665892796687,2
dmnelf007,DMN,FC5,2,blend,0.08752720742016691,2
dmnelf007,DMN,FC5,3,group_only,-0.10982929095456236,1
dmnelf007,DMN,FC5,3,pseudo_cal,-0.0736014302798368,1
dmnelf007,DMN,FC5,3,blend,-0.1243971275024199,1
dmnelf007,GSR_PDA,FC1,0,group_only,0.15949765662545967,4
dmnelf007,GSR_PDA,FC1,1,group_only,0.20631120542961948,3
dmnelf007,GSR_PDA,FC1,1,pseudo_cal,0.20739795771842254,3
dmnelf007,GSR_PDA,FC1,1,blend,0.24559820495905008,3
dmnelf007,GSR_PDA,FC1,2,group_only,0.3731075972332153,2
dmnelf007,GSR_PDA,FC1,2,pseudo_cal,-0.2082548255548415,2
dmnelf007,GSR_PDA,FC1,2,blend,0.16679953967397407,2
dmnelf007,GSR_PDA,FC1,3,group_only,0.5419885845731196,1
dmnelf007,GSR_PDA,FC1,3,pseudo_cal,-0.41554225450042054,1
dmnelf007,GSR_PDA,FC1,3,blend,0.15725694364358547,1
dmnelf007,GSR_DMN,FC5,0,group_only,0.02980719997694065,4
dmnelf007,GSR_DMN,FC5,1,group_only,0.05436412396071533,3
dmnelf007,GSR_DMN,FC5,1,pseudo_cal,0.18925851850325642,3
dmnelf007,GSR_DMN,FC5,1,blend,0.16645137824842682,3
dmnelf007,GSR_DMN,FC5,2,group_only,0.0603274262146142,2
dmnelf007,GSR_DMN,FC5,2,pseudo_cal,0.09793049740165234,2
dmnelf007,GSR_DMN,FC5,2,blend,0.12127363847911525,2
dmnelf007,GSR_DMN,FC5,3,group_only,0.24513922759611553,1
dmnelf007,GSR_DMN,FC5,3,pseudo_cal,0.05212806872388927,1
dmnelf007,GSR_DMN,FC5,3,blend,0.2170763040541732,1
dmnelf007,proxy_PDA,Fz-FC5,0,group_only,-0.06732818848873674,4
dmnelf008,PDA,Fz,0,group_only,0.04695899815443224,4
dmnelf008,PDA,Fz,1,group_only,0.0789035318190206,3
dmnelf008,PDA,Fz,1,pseudo_cal,0.11064925201520828,3
dmnelf008,PDA,Fz,1,blend,0.11976424838625678,3
dmnelf008,PDA,Fz,2,group_only,0.06374045955237989,2
dmnelf008,PDA,Fz,2,pseudo_cal,-0.12389595039090932,2
dmnelf008,PDA,Fz,2,blend,-0.040489443760159796,2
dmnelf008,PDA,Fz,3,group_only,-0.03479127439959467,1
dmnelf008,PDA,Fz,3,pseudo_cal,-0.022539483028365462,1
dmnelf008,PDA,Fz,3,blend,-0.03653650537778158,1
dmnelf008,GSR_CEN,Fz,0,group_only,0.2636983610523262,4
dmnelf008,GSR_CEN,Fz,1,group_only,0.24405664247542214,3
dmnelf008,GSR_CEN,Fz,1,pseudo_cal,0.21645072925774378,3
dmnelf008,GSR_CEN,Fz,1,blend,0.25106076979861097,3
dmnelf008,GSR_CEN,Fz,2,group_only,0.35447816021456013,2
dmnelf008,GSR_CEN,Fz,2,pseudo_cal,-0.08330796902571472,2
dmnelf008,GSR_CEN,Fz,2,blend,0.18826139527751518,2
dmnelf008,GSR_CEN,Fz,3,group_only,0.25500884392730616,1
dmnelf008,GSR_CEN,Fz,3,pseudo_cal,0.05749044410556824,1
dmnelf008,GSR_CEN,Fz,3,blend,0.1779120800113394,1
dmnelf008,CEN,Fz,0,group_only,0.17685083023353249,4
dmnelf008,CEN,Fz,1,group_only,0.2305151289025245,3
dmnelf008,CEN,Fz,1,pseudo_cal,0.21904169536822665,3
dmnelf008,CEN,Fz,1,blend,0.2591257771003999,3
dmnelf008,CEN,Fz,2,group_only,0.2813264400053022,2
dmnelf008,CEN,Fz,2,pseudo_cal,-0.09226211777729795,2
dmnelf008,CEN,Fz,2,blend,0.12537906912578994,2
dmnelf008,CEN,Fz,3,group_only,0.04929118847148054,1
dmnelf008,CEN,Fz,3,pseudo_cal,0.08275275135434045,1
dmnelf008,CEN,Fz,3,blend,0.07700429964526896,1
dmnelf008,DMN,FC5,0,group_only,0.01902675786884877,4
dmnelf008,DMN,FC5,1,group_only,0.011286289771521876,3
dmnelf008,DMN,FC5,1,pseudo_cal,0.18123524316928394,3
dmnelf008,DMN,FC5,1,blend,0.13167892202001885,3
dmnelf008,DMN,FC5,2,group_only,0.01831465122616946,2
dmnelf008,DMN,FC5,2,pseudo_cal,-0.19569288800776233,2
dmnelf008,DMN,FC5,2,blend,-0.20842289086119345,2
dmnelf008,DMN,FC5,3,group_only,-0.062322738294234244,1
dmnelf008,DMN,FC5,3,pseudo_cal,-0.07420474479772243,1
dmnelf008,DMN,FC5,3,blend,-0.17987863773955715,1
dmnelf008,GSR_PDA,Fz,0,group_only,0.011606946148652389,4
dmnelf008,GSR_PDA,Fz,1,group_only,0.05949381527405908,3
dmnelf008,GSR_PDA,Fz,1,pseudo_cal,0.15568583341283568,3
dmnelf008,GSR_PDA,Fz,1,blend,0.13799548652433077,3
dmnelf008,GSR_PDA,Fz,2,group_only,0.08109099531645632,2
dmnelf008,GSR_PDA,Fz,2,pseudo_cal,-0.14231234982750698,2
dmnelf008,GSR_PDA,Fz,2,blend,-0.04330731417829803,2
dmnelf008,GSR_PDA,Fz,3,group_only,-0.012705574252000583,1
dmnelf008,GSR_PDA,Fz,3,pseudo_cal,0.013413439271059258,1
dmnelf008,GSR_PDA,Fz,3,blend,0.00047020375213042975,1
dmnelf008,GSR_DMN,FC5,0,group_only,-0.13065046028577396,4
dmnelf008,GSR_DMN,FC5,1,group_only,-0.13056213269799488,3
dmnelf008,GSR_DMN,FC5,1,pseudo_cal,0.14457418031469907,3
dmnelf008,GSR_DMN,FC5,1,blend,0.008522578013521857,3
dmnelf008,GSR_DMN,FC5,2,group_only,-0.08368008867319884,2
dmnelf008,GSR_DMN,FC5,2,pseudo_cal,0.08630475926451904,2
dmnelf008,GSR_DMN,FC5,2,blend,0.003102241845057807,2
dmnelf008,GSR_DMN,FC5,3,group_only,-0.13283265730590774,1
dmnelf008,GSR_DMN,FC5,3,pseudo_cal,-0.006890730631965155,1
dmnelf008,GSR_DMN,FC5,3,blend,-0.16271712556647028,1
dmnelf008,proxy_PDA,Fz-FC5,0,group_only,0.019913981533678182,4
dmnelf009,PDA,Fp2,0,group_only,0.15915740003531548,4
dmnelf009,PDA,Fp2,1,group_only,0.09782451238166226,3
dmnelf009,PDA,Fp2,1,pseudo_cal,0.153261088135594,3
dmnelf009,PDA,Fp2,1,blend,0.14255499410609107,3
dmnelf009,PDA,Fp2,2,group_only,0.21810225544082407,2
dmnelf009,PDA,Fp2,2,pseudo_cal,0.19361253304741288,2
dmnelf009,PDA,Fp2,2,blend,0.22346897983473263,2
dmnelf009,PDA,Fp2,3,group_only,0.28210657855512056,1
dmnelf009,PDA,Fp2,3,pseudo_cal,0.04177071801149315,1
dmnelf009,PDA,Fp2,3,blend,0.17469808800316483,1
dmnelf009,GSR_CEN,F7,0,group_only,0.15177072161679525,4
dmnelf009,GSR_CEN,F7,1,group_only,0.1407976324056288,3
dmnelf009,GSR_CEN,F7,1,pseudo_cal,0.04755176665569557,3
dmnelf009,GSR_CEN,F7,1,blend,0.111212698966205,3
dmnelf009,GSR_CEN,F7,2,group_only,0.19534721342535968,2
dmnelf009,GSR_CEN,F7,2,pseudo_cal,-0.12652451599854878,2
dmnelf009,GSR_CEN,F7,2,blend,0.058965569325319205,2
dmnelf009,GSR_CEN,F7,3,group_only,0.2719911662553101,1
dmnelf009,GSR_CEN,F7,3,pseudo_cal,0.021844518415845022,1
dmnelf009,GSR_CEN,F7,3,blend,0.16745662200537265,1
dmnelf009,CEN,Fz,0,group_only,0.008125658316863982,4
dmnelf009,CEN,Fz,1,group_only,-0.010642869493199751,3
dmnelf009,CEN,Fz,1,pseudo_cal,-0.07511168494416041,3
dmnelf009,CEN,Fz,1,blend,-0.04756712402481423,3
dmnelf009,CEN,Fz,2,group_only,-0.01964086591840778,2
dmnelf009,CEN,Fz,2,pseudo_cal,0.05718433845179495,2
dmnelf009,CEN,Fz,2,blend,0.020274078993034943,2
dmnelf009,CEN,Fz,3,group_only,-0.0029793065857851133,1
dmnelf009,CEN,Fz,3,pseudo_cal,0.033094507145652714,1
dmnelf009,CEN,Fz,3,blend,0.015953911784012058,1
dmnelf009,DMN,F8,0,group_only,0.02829838130664139,4
dmnelf009,DMN,F8,1,group_only,-0.050670481420626884,3
dmnelf009,DMN,F8,1,pseudo_cal,-0.031912095477906674,3
dmnelf009,DMN,F8,1,blend,-0.06319212729621931,3
dmnelf009,DMN,F8,2,group_only,-0.03574280727919036,2
dmnelf009,DMN,F8,2,pseudo_cal,-0.13508954080588656,2
dmnelf009,DMN,F8,2,blend,-0.13754745543544195,2
dmnelf009,DMN,F8,3,group_only,0.013409583077241013,1
dmnelf009,DMN,F8,3,pseudo_cal,-0.044603116756325376,1
dmnelf009,DMN,F8,3,blend,-0.028923788798682137,1
dmnelf009,GSR_PDA,Fz,0,group_only,0.20324862228063595,4
dmnelf009,GSR_PDA,Fz,1,group_only,0.14210175944181594,3
dmnelf009,GSR_PDA,Fz,1,pseudo_cal,0.022138089172944353,3
dmnelf009,GSR_PDA,Fz,1,blend,0.09421328492756575,3
dmnelf009,GSR_PDA,Fz,2,group_only,0.1713267789331347,2
dmnelf009,GSR_PDA,Fz,2,pseudo_cal,0.04419531658765435,2
dmnelf009,GSR_PDA,Fz,2,blend,0.1212342229858956,2
dmnelf009,GSR_PDA,Fz,3,group_only,0.26476394141633414,1
dmnelf009,GSR_PDA,Fz,3,pseudo_cal,0.12766031536851233,1
dmnelf009,GSR_PDA,Fz,3,blend,0.20936782169677384,1
dmnelf009,GSR_DMN,FC5,0,group_only,0.14876560957046855,4
dmnelf009,GSR_DMN,FC5,1,group_only,0.1657505077549374,3
dmnelf009,GSR_DMN,FC5,1,pseudo_cal,0.008346066044474739,3
dmnelf009,GSR_DMN,FC5,1,blend,0.10636397184811189,3
dmnelf009,GSR_DMN,FC5,2,group_only,0.17292761864476033,2
dmnelf009,GSR_DMN,FC5,2,pseudo_cal,-0.09836688902781052,2
dmnelf009,GSR_DMN,FC5,2,blend,0.04537826644464743,2
dmnelf009,GSR_DMN,FC5,3,group_only,0.2168550845679945,1
dmnelf009,GSR_DMN,FC5,3,pseudo_cal,-0.05488854483560523,1
dmnelf009,GSR_DMN,FC5,3,blend,0.10220353418908348,1
dmnelf009,proxy_PDA,Fz-F8,0,group_only,0.09297020006049078,4
dmnelf010,PDA,Fz,0,group_only,0.07211408405760737,4
dmnelf010,PDA,Fz,1,group_only,0.04304995774570078,3
dmnelf010,PDA,Fz,1,pseudo_cal,0.0289905529852156,3
dmnelf010,PDA,Fz,1,blend,0.04012390910519154,3
dmnelf010,PDA,Fz,2,group_only,0.15076835556177995,2
dmnelf010,PDA,Fz,2,pseudo_cal,-0.008851668066000374,2
dmnelf010,PDA,Fz,2,blend,0.07710858101705796,2
dmnelf010,PDA,Fz,3,group_only,-0.09150835692616661,1
dmnelf010,PDA,Fz,3,pseudo_cal,-0.0966867738935604,1
dmnelf010,PDA,Fz,3,blend,-0.1010470075943955,1
dmnelf010,GSR_CEN,Fp2,0,group_only,0.06321379939550804,4
dmnelf010,GSR_CEN,Fp2,1,group_only,0.05165802856370303,3
dmnelf010,GSR_CEN,Fp2,1,pseudo_cal,0.13550075330509248,3
dmnelf010,GSR_CEN,Fp2,1,blend,0.1512531122002419,3
dmnelf010,GSR_CEN,Fp2,2,group_only,0.05261258173670269,2
dmnelf010,GSR_CEN,Fp2,2,pseudo_cal,0.10353081259397853,2
dmnelf010,GSR_CEN,Fp2,2,blend,0.09103762055692387,2
dmnelf010,GSR_CEN,Fp2,3,group_only,-0.13829999899025625,1
dmnelf010,GSR_CEN,Fp2,3,pseudo_cal,-0.007793480904451588,1
dmnelf010,GSR_CEN,Fp2,3,blend,-0.09070287034756258,1
dmnelf010,CEN,Fz,0,group_only,0.13149069390162776,4
dmnelf010,CEN,Fz,1,group_only,0.14970494241195267,3
dmnelf010,CEN,Fz,1,pseudo_cal,0.07541165856509512,3
dmnelf010,CEN,Fz,1,blend,0.12571802909306773,3
dmnelf010,CEN,Fz,2,group_only,0.24538211097789392,2
dmnelf010,CEN,Fz,2,pseudo_cal,0.18260568417233625,2
dmnelf010,CEN,Fz,2,blend,0.23287596975777228,2
dmnelf010,CEN,Fz,3,group_only,0.11971754629843684,1
dmnelf010,CEN,Fz,3,pseudo_cal,0.1392932934366421,1
dmnelf010,CEN,Fz,3,blend,0.14482548379349147,1
dmnelf010,DMN,FC5,0,group_only,0.20669771601394257,4
dmnelf010,DMN,FC5,1,group_only,0.1880697905684999,3
dmnelf010,DMN,FC5,1,pseudo_cal,0.040138197335369094,3
dmnelf010,DMN,FC5,1,blend,0.18446464685083783,3
dmnelf010,DMN,FC5,2,group_only,0.1827731653122242,2
dmnelf010,DMN,FC5,2,pseudo_cal,-0.07153494210719138,2
dmnelf010,DMN,FC5,2,blend,0.08480574904418905,2
dmnelf010,DMN,FC5,3,group_only,0.2789019890504482,1
dmnelf010,DMN,FC5,3,pseudo_cal,0.04631868502474401,1
dmnelf010,DMN,FC5,3,blend,0.23557814345479564,1
dmnelf010,GSR_PDA,Fz,0,group_only,0.003814986938689765,4
dmnelf010,GSR_PDA,Fz,1,group_only,-0.04137844208533952,3
dmnelf010,GSR_PDA,Fz,1,pseudo_cal,-0.013111306540931268,3
dmnelf010,GSR_PDA,Fz,1,blend,-0.031715447795946976,3
dmnelf010,GSR_PDA,Fz,2,group_only,-0.0003226118578581478,2
dmnelf010,GSR_PDA,Fz,2,pseudo_cal,-0.014192862015552823,2
dmnelf010,GSR_PDA,Fz,2,blend,-0.007812387755652457,2
dmnelf010,GSR_PDA,Fz,3,group_only,-0.2718276364549832,1
dmnelf010,GSR_PDA,Fz,3,pseudo_cal,-0.07921055456102012,1
dmnelf010,GSR_PDA,Fz,3,blend,-0.1944895993262374,1
dmnelf010,GSR_DMN,FC5,0,group_only,0.28688310141736106,4
dmnelf010,GSR_DMN,FC5,1,group_only,0.2853485810958124,3
dmnelf010,GSR_DMN,FC5,1,pseudo_cal,0.11420962701451536,3
dmnelf010,GSR_DMN,FC5,1,blend,0.24455461164572112,3
dmnelf010,GSR_DMN,FC5,2,group_only,0.2749468215643684,2
dmnelf010,GSR_DMN,FC5,2,pseudo_cal,0.06756471890161113,2
dmnelf010,GSR_DMN,FC5,2,blend,0.21099201407437873,2
dmnelf010,GSR_DMN,FC5,3,group_only,0.3023711103828741,1
dmnelf010,GSR_DMN,FC5,3,pseudo_cal,0.024202790451571747,1
dmnelf010,GSR_DMN,FC5,3,blend,0.21211532687262882,1
dmnelf010,proxy_PDA,Fz-FC5,0,group_only,-0.019206964314861186,4
dmnelf011,PDA,FC1,0,group_only,0.05583910495089703,4
dmnelf011,PDA,FC1,1,group_only,0.024824606685746896,3
dmnelf011,PDA,FC1,1,pseudo_cal,0.03260407718219463,3
dmnelf011,PDA,FC1,1,blend,0.03925962649902305,3
dmnelf011,PDA,FC1,2,group_only,0.08016711687105753,2
dmnelf011,PDA,FC1,2,pseudo_cal,0.06482235803551806,2
dmnelf011,PDA,FC1,2,blend,0.08756729093226703,2
dmnelf011,PDA,FC1,3,group_only,0.09816527245663431,1
dmnelf011,PDA,FC1,3,pseudo_cal,0.097873339046929,1
dmnelf011,PDA,FC1,3,blend,0.11957361342441158,1
dmnelf011,GSR_CEN,Fp1,0,group_only,0.1076687719350914,4
dmnelf011,GSR_CEN,Fp1,1,group_only,0.05690486936334955,3
dmnelf011,GSR_CEN,Fp1,1,pseudo_cal,0.00855991985599751,3
dmnelf011,GSR_CEN,Fp1,1,blend,0.042397013506413825,3
dmnelf011,GSR_CEN,Fp1,2,group_only,0.10753361241464042,2
dmnelf011,GSR_CEN,Fp1,2,pseudo_cal,0.0732385763087517,2
dmnelf011,GSR_CEN,Fp1,2,blend,0.10821933429683786,2
dmnelf011,GSR_CEN,Fp1,3,group_only,0.07734522344764659,1
dmnelf011,GSR_CEN,Fp1,3,pseudo_cal,-0.01041901170845497,1
dmnelf011,GSR_CEN,Fp1,3,blend,0.03849494137710181,1
dmnelf011,CEN,F8,0,group_only,0.33406153518686754,4
dmnelf011,CEN,F8,1,group_only,0.2937936836773129,3
dmnelf011,CEN,F8,1,pseudo_cal,0.14690260701071495,3
dmnelf011,CEN,F8,1,blend,0.3162254159170793,3
dmnelf011,CEN,F8,2,group_only,0.3255861946432804,2
dmnelf011,CEN,F8,2,pseudo_cal,0.3116588030665373,2
dmnelf011,CEN,F8,2,blend,0.37406631836810594,2
dmnelf011,CEN,F8,3,group_only,0.3708526423148841,1
dmnelf011,CEN,F8,3,pseudo_cal,0.21365607589015403,1
dmnelf011,CEN,F8,3,blend,0.34084329809908437,1
dmnelf011,DMN,FC5,0,group_only,0.21901139623264892,4
dmnelf011,DMN,FC5,1,group_only,0.2088685783116522,3
dmnelf011,DMN,FC5,1,pseudo_cal,-0.10281043585541631,3
dmnelf011,DMN,FC5,1,blend,0.07650914519309832,3
dmnelf011,DMN,FC5,2,group_only,0.2548384493526167,2
dmnelf011,DMN,FC5,2,pseudo_cal,-0.11442579950271295,2
dmnelf011,DMN,FC5,2,blend,0.11958924330412471,2
dmnelf011,DMN,FC5,3,group_only,0.16028961723870927,1
dmnelf011,DMN,FC5,3,pseudo_cal,0.0015888865602058707,1
dmnelf011,DMN,FC5,3,blend,0.12809906839260848,1
dmnelf011,GSR_PDA,Fz,0,group_only,0.027407897131159,4
dmnelf011,GSR_PDA,Fz,1,group_only,0.022910527908357625,3
dmnelf011,GSR_PDA,Fz,1,pseudo_cal,0.13439550816478218,3
dmnelf011,GSR_PDA,Fz,1,blend,0.13120020148348033,3
dmnelf011,GSR_PDA,Fz,2,group_only,0.07403581487080825,2
dmnelf011,GSR_PDA,Fz,2,pseudo_cal,0.08114734485512815,2
dmnelf011,GSR_PDA,Fz,2,blend,0.13289713834977188,2
dmnelf011,GSR_PDA,Fz,3,group_only,0.06019139627018337,1
dmnelf011,GSR_PDA,Fz,3,pseudo_cal,0.17934435538049773,1
dmnelf011,GSR_PDA,Fz,3,blend,0.16409251814992418,1
dmnelf011,GSR_DMN,FC5,0,group_only,0.10879195025242895,4
dmnelf011,GSR_DMN,FC5,1,group_only,0.0807696589139403,3
dmnelf011,GSR_DMN,FC5,1,pseudo_cal,-0.059119985166297906,3
dmnelf011,GSR_DMN,FC5,1,blend,0.015944097199628023,3
dmnelf011,GSR_DMN,FC5,2,group_only,0.14568080457553653,2
dmnelf011,GSR_DMN,FC5,2,pseudo_cal,-0.032591354567879725,2
dmnelf011,GSR_DMN,FC5,2,blend,0.09232062328799585,2
dmnelf011,GSR_DMN,FC5,3,group_only,0.011627971493646526,1
dmnelf011,GSR_DMN,FC5,3,pseudo_cal,0.2323709843200803,1
dmnelf011,GSR_DMN,FC5,3,blend,0.2092211482281269,1
dmnelf011,proxy_PDA,F8-FC5,0,group_only,0.11932541794676953,4
dmnelf012,PDA,Fz,0,group_only,-0.09435461416907226,4
dmnelf012,PDA,Fz,1,group_only,-0.056874800931752026,3
dmnelf012,PDA,Fz,1,pseudo_cal,0.13872280920023314,3
dmnelf012,PDA,Fz,1,blend,0.09892480312305642,3
dmnelf012,PDA,Fz,2,group_only,0.11024414114922612,2
dmnelf012,PDA,Fz,2,pseudo_cal,0.23930481113700006,2
dmnelf012,PDA,Fz,2,blend,0.322435019415422,2
dmnelf012,PDA,Fz,3,group_only,0.03820048590245813,1
dmnelf012,PDA,Fz,3,pseudo_cal,0.2201398152991943,1
dmnelf012,PDA,Fz,3,blend,0.22454007117632543,1
dmnelf012,GSR_CEN,Fp2,0,group_only,-0.21326072257509074,4
dmnelf012,GSR_CEN,Fp2,1,group_only,-0.28920312966107153,3
dmnelf012,GSR_CEN,Fp2,1,pseudo_cal,0.12541383474190776,3
dmnelf012,GSR_CEN,Fp2,1,blend,-0.19510377719384006,3
dmnelf012,GSR_CEN,Fp2,2,group_only,-0.19308842548614077,2
dmnelf012,GSR_CEN,Fp2,2,pseudo_cal,0.1160294700136183,2
dmnelf012,GSR_CEN,Fp2,2,blend,-0.12268868974627173,2
dmnelf012,GSR_CEN,Fp2,3,group_only,-0.3164878616847365,1
dmnelf012,GSR_CEN,Fp2,3,pseudo_cal,0.23931224831216458,1
dmnelf012,GSR_CEN,Fp2,3,blend,-0.1302676891282322,1
dmnelf012,CEN,Fz,0,group_only,-0.1642250851563806,4
dmnelf012,CEN,Fz,1,group_only,-0.15791983842631252,3
dmnelf012,CEN,Fz,1,pseudo_cal,0.27880396760635007,3
dmnelf012,CEN,Fz,1,blend,0.17762289327203384,3
dmnelf012,CEN,Fz,2,group_only,-0.06049063955717098,2
dmnelf012,CEN,Fz,2,pseudo_cal,0.39834271578548636,2
dmnelf012,CEN,Fz,2,blend,0.34872253070451537,2
dmnelf012,CEN,Fz,3,group_only,-0.11595010923180388,1
dmnelf012,CEN,Fz,3,pseudo_cal,0.5215617430772986,1
dmnelf012,CEN,Fz,3,blend,0.4029752080884945,1
dmnelf012,DMN,FC5,0,group_only,0.031062733156312555,4
dmnelf012,DMN,FC5,1,group_only,0.020716866538544196,3
dmnelf012,DMN,FC5,1,pseudo_cal,0.020434733941972948,3
dmnelf012,DMN,FC5,1,blend,0.026244857830246483,3
dmnelf012,DMN,FC5,2,group_only,-0.024174423988340257,2
dmnelf012,DMN,FC5,2,pseudo_cal,0.009839876772398299,2
dmnelf012,DMN,FC5,2,blend,-0.00951007842475612,2
dmnelf012,DMN,FC5,3,group_only,0.03817898540541004,1
dmnelf012,DMN,FC5,3,pseudo_cal,0.07344365516500775,1
dmnelf012,DMN,FC5,3,blend,0.07250679794952086,1
dmnelf012,GSR_PDA,Fz,0,group_only,-0.11006983563255543,4
dmnelf012,GSR_PDA,Fz,1,group_only,-0.0919432365039782,3
dmnelf012,GSR_PDA,Fz,1,pseudo_cal,0.14542903072934774,3
dmnelf012,GSR_PDA,Fz,1,blend,0.06696708075716534,3
dmnelf012,GSR_PDA,Fz,2,group_only,0.048498357584001214,2
dmnelf012,GSR_PDA,Fz,2,pseudo_cal,0.2598251978898902,2
dmnelf012,GSR_PDA,Fz,2,blend,0.30042054572352916,2
dmnelf012,GSR_PDA,Fz,3,group_only,0.0018635558642739278,1
dmnelf012,GSR_PDA,Fz,3,pseudo_cal,0.22191059836959157,1
dmnelf012,GSR_PDA,Fz,3,blend,0.20294573386964665,1
dmnelf012,GSR_DMN,FC5,0,group_only,-0.12401330728785467,4
dmnelf012,GSR_DMN,FC5,1,group_only,-0.10494554013106616,3
dmnelf012,GSR_DMN,FC5,1,pseudo_cal,0.07835633223223194,3
dmnelf012,GSR_DMN,FC5,1,blend,-0.019008378459667307,3
dmnelf012,GSR_DMN,FC5,2,group_only,-0.13168539215612612,2
dmnelf012,GSR_DMN,FC5,2,pseudo_cal,0.14955652104414133,2
dmnelf012,GSR_DMN,FC5,2,blend,0.012173537456911212,2
dmnelf012,GSR_DMN,FC5,3,group_only,0.1373677974197382,1
dmnelf012,GSR_DMN,FC5,3,pseudo_cal,0.11854989809450624,1
dmnelf012,GSR_DMN,FC5,3,blend,0.1691751888498707,1
dmnelf012,proxy_PDA,Fz-FC5,0,group_only,-0.15418515066093955,4
dmnelf013,PDA,Fz,0,group_only,-0.2609469637246937,4
dmnelf013,PDA,Fz,1,group_only,-0.27207983447965606,3
dmnelf013,PDA,Fz,1,pseudo_cal,-0.17607761921284673,3
dmnelf013,PDA,Fz,1,blend,-0.23527364683500807,3
dmnelf013,PDA,Fz,2,group_only,-0.3988094107928597,2
dmnelf013,PDA,Fz,2,pseudo_cal,-0.538838820546914,2
dmnelf013,PDA,Fz,2,blend,-0.49291475785245475,2
dmnelf013,PDA,Fz,3,group_only,-0.10098211932440666,1
dmnelf013,PDA,Fz,3,pseudo_cal,-0.28696532650721607,1
dmnelf013,PDA,Fz,3,blend,-0.22262459111681393,1
dmnelf013,GSR_CEN,F7,0,group_only,-0.1007086902446609,4
dmnelf013,GSR_CEN,F7,1,group_only,-0.08543102264666641,3
dmnelf013,GSR_CEN,F7,1,pseudo_cal,0.12227966878597295,3
dmnelf013,GSR_CEN,F7,1,blend,0.02397731025412559,3
dmnelf013,GSR_CEN,F7,2,group_only,0.2387342722616625,2
dmnelf013,GSR_CEN,F7,2,pseudo_cal,0.23885328456254515,2
dmnelf013,GSR_CEN,F7,2,blend,0.2523644835368715,2
dmnelf013,GSR_CEN,F7,3,group_only,0.12264850218364325,1
dmnelf013,GSR_CEN,F7,3,pseudo_cal,-0.04268026396907337,1
dmnelf013,GSR_CEN,F7,3,blend,0.04227384850195071,1
dmnelf013,CEN,F8,0,group_only,-0.0442249142047794,4
dmnelf013,CEN,F8,1,group_only,-0.0035971562442362118,3
dmnelf013,CEN,F8,1,pseudo_cal,0.1397288894625638,3
dmnelf013,CEN,F8,1,blend,0.11126453005533052,3
dmnelf013,CEN,F8,2,group_only,0.0981376541855522,2
dmnelf013,CEN,F8,2,pseudo_cal,0.09375954252484468,2
dmnelf013,CEN,F8,2,blend,0.10028645531238323,2
dmnelf013,CEN,F8,3,group_only,-0.06845575783213705,1
dmnelf013,CEN,F8,3,pseudo_cal,-0.05324551089534481,1
dmnelf013,CEN,F8,3,blend,-0.06352294399062312,1
dmnelf013,DMN,FC5,0,group_only,-0.07890559886847254,4
dmnelf013,DMN,FC5,1,group_only,-0.10996996155194844,3
dmnelf013,DMN,FC5,1,pseudo_cal,-0.12366251949804455,3
dmnelf013,DMN,FC5,1,blend,-0.17399302953217394,3
dmnelf013,DMN,FC5,2,group_only,-0.12328373212415018,2
dmnelf013,DMN,FC5,2,pseudo_cal,-0.2623106784454832,2
dmnelf013,DMN,FC5,2,blend,-0.3164623944867368,2
dmnelf013,DMN,FC5,3,group_only,0.013533886455704785,1
dmnelf013,DMN,FC5,3,pseudo_cal,-0.11686378243529182,1
dmnelf013,DMN,FC5,3,blend,-0.09474007710418042,1
dmnelf013,GSR_PDA,Fz,0,group_only,-0.26080695083257316,4
dmnelf013,GSR_PDA,Fz,1,group_only,-0.28998939294812714,3
dmnelf013,GSR_PDA,Fz,1,pseudo_cal,-0.18990520443668157,3
dmnelf013,GSR_PDA,Fz,1,blend,-0.24966201047083952,3
dmnelf013,GSR_PDA,Fz,2,group_only,-0.4243635869973428,2
dmnelf013,GSR_PDA,Fz,2,pseudo_cal,-0.5356324821774645,2
dmnelf013,GSR_PDA,Fz,2,blend,-0.4970901993591737,2
dmnelf013,GSR_PDA,Fz,3,group_only,-0.14517755485373196,1
dmnelf013,GSR_PDA,Fz,3,pseudo_cal,-0.2850233961273713,1
dmnelf013,GSR_PDA,Fz,3,blend,-0.23964834058494394,1
dmnelf013,GSR_DMN,FC5,0,group_only,-0.20190685573274136,4
dmnelf013,GSR_DMN,FC5,1,group_only,-0.23556018297466025,3
dmnelf013,GSR_DMN,FC5,1,pseudo_cal,-0.24159481060440255,3
dmnelf013,GSR_DMN,FC5,1,blend,-0.36341903157203304,3
dmnelf013,GSR_DMN,FC5,2,group_only,-0.36599050515069664,2
dmnelf013,GSR_DMN,FC5,2,pseudo_cal,-0.4551379890304783,2
dmnelf013,GSR_DMN,FC5,2,blend,-0.5585669343638867,2
dmnelf013,GSR_DMN,FC5,3,group_only,-0.26941997180804944,1
dmnelf013,GSR_DMN,FC5,3,pseudo_cal,-0.33195415446819404,1
dmnelf013,GSR_DMN,FC5,3,blend,-0.4481874787045515,1
dmnelf013,proxy_PDA,F8-FC5,0,group_only,-0.33142846230265693,4
dmnelf014,PDA,Fz,0,group_only,-0.06139871809972756,4
dmnelf014,PDA,Fz,1,group_only,-0.023477749513443846,3
dmnelf014,PDA,Fz,1,pseudo_cal,-0.1242462780714026,3
dmnelf014,PDA,Fz,1,blend,-0.09829552118692213,3
dmnelf014,PDA,Fz,2,group_only,-0.12682092335224213,2
dmnelf014,PDA,Fz,2,pseudo_cal,-0.3597089903721348,2
dmnelf014,PDA,Fz,2,blend,-0.34804098645433384,2
dmnelf014,PDA,Fz,3,group_only,-0.0778036717828406,1
dmnelf014,PDA,Fz,3,pseudo_cal,-0.20092469861682036,1
dmnelf014,PDA,Fz,3,blend,-0.20846337399358783,1
dmnelf014,GSR_CEN,Fz,0,group_only,-0.13918866676628386,4
dmnelf014,GSR_CEN,Fz,1,group_only,-0.16726431360897834,3
dmnelf014,GSR_CEN,Fz,1,pseudo_cal,0.10808491173143984,3
dmnelf014,GSR_CEN,Fz,1,blend,-0.046181730492738236,3
dmnelf014,GSR_CEN,Fz,2,group_only,-0.14803683666808015,2
dmnelf014,GSR_CEN,Fz,2,pseudo_cal,0.12430366081460648,2
dmnelf014,GSR_CEN,Fz,2,blend,-0.02734094022031582,2
dmnelf014,GSR_CEN,Fz,3,group_only,-0.20963499914105813,1
dmnelf014,GSR_CEN,Fz,3,pseudo_cal,0.4734909687148915,1
dmnelf014,GSR_CEN,Fz,3,blend,0.2709074047218916,1
dmnelf014,CEN,Fz,0,group_only,0.018163849714627252,4
dmnelf014,CEN,Fz,1,group_only,0.045258943854072406,3
dmnelf014,CEN,Fz,1,pseudo_cal,-0.06936028596296119,3
dmnelf014,CEN,Fz,1,blend,-0.018345562795288112,3
dmnelf014,CEN,Fz,2,group_only,0.036516306698900006,2
dmnelf014,CEN,Fz,2,pseudo_cal,-0.11749860194963628,2
dmnelf014,CEN,Fz,2,blend,-0.09392040987535608,2
dmnelf014,CEN,Fz,3,group_only,-0.08126838416808549,1
dmnelf014,CEN,Fz,3,pseudo_cal,0.19468845553437392,1
dmnelf014,CEN,Fz,3,blend,0.13734332714787148,1
dmnelf014,DMN,F8,0,group_only,-0.10161343729383591,4
dmnelf014,DMN,F8,1,group_only,-0.16832507974522995,3
dmnelf014,DMN,F8,1,pseudo_cal,0.2044216537885772,3
dmnelf014,DMN,F8,1,blend,0.026858505840441405,3
dmnelf014,DMN,F8,2,group_only,-0.2191921342207967,2
dmnelf014,DMN,F8,2,pseudo_cal,0.14894785475345332,2
dmnelf014,DMN,F8,2,blend,-0.04462476180698647,2
dmnelf014,DMN,F8,3,group_only,-0.2789577593643915,1
dmnelf014,DMN,F8,3,pseudo_cal,0.18432863716665046,1
dmnelf014,DMN,F8,3,blend,-0.058793611786370964,1
dmnelf014,GSR_PDA,Fz,0,group_only,-0.04460223380943095,4
dmnelf014,GSR_PDA,Fz,1,group_only,0.010814171258712191,3
dmnelf014,GSR_PDA,Fz,1,pseudo_cal,-0.10368412020733599,3
dmnelf014,GSR_PDA,Fz,1,blend,-0.062276784619250236,3
dmnelf014,GSR_PDA,Fz,2,group_only,-0.057082696355008684,2
dmnelf014,GSR_PDA,Fz,2,pseudo_cal,-0.33606391625700477,2
dmnelf014,GSR_PDA,Fz,2,blend,-0.29357597074550773,2
dmnelf014,GSR_PDA,Fz,3,group_only,-0.04790297457307981,1
dmnelf014,GSR_PDA,Fz,3,pseudo_cal,-0.21619659681368592,1
dmnelf014,GSR_PDA,Fz,3,blend,-0.20247231518169234,1
dmnelf014,GSR_DMN,FC5,0,group_only,-0.08843144373486238,4
dmnelf014,GSR_DMN,FC5,1,group_only,-0.05269464898354873,3
dmnelf014,GSR_DMN,FC5,1,pseudo_cal,0.24548105942462317,3
dmnelf014,GSR_DMN,FC5,1,blend,0.1789798886560081,3
dmnelf014,GSR_DMN,FC5,2,group_only,-0.07908988117604382,2
dmnelf014,GSR_DMN,FC5,2,pseudo_cal,0.32837713103231697,2
dmnelf014,GSR_DMN,FC5,2,blend,0.18654390748036484,2
dmnelf014,GSR_DMN,FC5,3,group_only,-0.1158850767129792,1
dmnelf014,GSR_DMN,FC5,3,pseudo_cal,0.03880179117071203,1
dmnelf014,GSR_DMN,FC5,3,blend,-0.05541381198997272,1
dmnelf014,proxy_PDA,Fz-F8,0,group_only,-0.030177228240144318,4
dmnelf015,PDA,Fz,0,group_only,0.23525547789314252,4
dmnelf015,PDA,Fz,1,group_only,0.21806406760769667,3
dmnelf015,PDA,Fz,1,pseudo_cal,0.07870840416272826,3
dmnelf015,PDA,Fz,1,blend,0.21901998402368447,3
dmnelf015,PDA,Fz,2,group_only,0.0924204702900045,2
dmnelf015,PDA,Fz,2,pseudo_cal,0.18105109356508514,2
dmnelf015,PDA,Fz,2,blend,0.15952454619543702,2
dmnelf015,PDA,Fz,3,group_only,0.37433304800281875,1
dmnelf015,PDA,Fz,3,pseudo_cal,0.23304121985086446,1
dmnelf015,PDA,Fz,3,blend,0.34393393461180205,1
dmnelf015,GSR_CEN,Fp1,0,group_only,0.0063081691697579306,4
dmnelf015,GSR_CEN,Fp1,1,group_only,0.009737142016276939,3
dmnelf015,GSR_CEN,Fp1,1,pseudo_cal,0.05731592274485902,3
dmnelf015,GSR_CEN,Fp1,1,blend,0.051329434070884396,3
dmnelf015,GSR_CEN,Fp1,2,group_only,-0.07366168919665901,2
dmnelf015,GSR_CEN,Fp1,2,pseudo_cal,0.1824520101236544,2
dmnelf015,GSR_CEN,Fp1,2,blend,0.08246639798335403,2
dmnelf015,GSR_CEN,Fp1,3,group_only,-0.04596546264365113,1
dmnelf015,GSR_CEN,Fp1,3,pseudo_cal,0.0596760204783638,1
dmnelf015,GSR_CEN,Fp1,3,blend,0.013570274995959024,1
dmnelf015,CEN,Fz,0,group_only,0.3042582877437502,4
dmnelf015,CEN,Fz,1,group_only,0.26949637027199197,3
dmnelf015,CEN,Fz,1,pseudo_cal,0.17327937287000714,3
dmnelf015,CEN,Fz,1,blend,0.29220278627812274,3
dmnelf015,CEN,Fz,2,group_only,0.27841009892103213,2
dmnelf015,CEN,Fz,2,pseudo_cal,0.24312833341875564,2
dmnelf015,CEN,Fz,2,blend,0.2939975353936675,2
dmnelf015,CEN,Fz,3,group_only,0.27855081847881163,1
dmnelf015,CEN,Fz,3,pseudo_cal,0.15803938754234895,1
dmnelf015,CEN,Fz,3,blend,0.24374675068692442,1
dmnelf015,DMN,FC5,0,group_only,0.07493945881553606,4
dmnelf015,DMN,FC5,1,group_only,0.020295751453975826,3
dmnelf015,DMN,FC5,1,pseudo_cal,0.02276970743034339,3
dmnelf015,DMN,FC5,1,blend,0.03458466832079702,3
dmnelf015,DMN,FC5,2,group_only,-0.04458985594398932,2
dmnelf015,DMN,FC5,2,pseudo_cal,-0.005977745300039029,2
dmnelf015,DMN,FC5,2,blend,-0.04046886196292386,2
dmnelf015,DMN,FC5,3,group_only,-0.0357924034383875,1
dmnelf015,DMN,FC5,3,pseudo_cal,0.13082053096314064,1
dmnelf015,DMN,FC5,3,blend,0.06981318077039929,1
dmnelf015,GSR_PDA,Fz,0,group_only,0.2518655912028158,4
dmnelf015,GSR_PDA,Fz,1,group_only,0.24486353055304336,3
dmnelf015,GSR_PDA,Fz,1,pseudo_cal,0.08020922198627387,3
dmnelf015,GSR_PDA,Fz,1,blend,0.23477873058498608,3
dmnelf015,GSR_PDA,Fz,2,group_only,0.11432317674719003,2
dmnelf015,GSR_PDA,Fz,2,pseudo_cal,0.18246129860901225,2
dmnelf015,GSR_PDA,Fz,2,blend,0.1706683621944901,2
dmnelf015,GSR_PDA,Fz,3,group_only,0.3565556559607129,1
dmnelf015,GSR_PDA,Fz,3,pseudo_cal,0.22174233475950503,1
dmnelf015,GSR_PDA,Fz,3,blend,0.3212053742246416,1
dmnelf015,GSR_DMN,FC5,0,group_only,0.12286767450238557,4
dmnelf015,GSR_DMN,FC5,1,group_only,0.13999251750061892,3
dmnelf015,GSR_DMN,FC5,1,pseudo_cal,0.13369127701565245,3
dmnelf015,GSR_DMN,FC5,1,blend,0.16495216101227286,3
dmnelf015,GSR_DMN,FC5,2,group_only,0.09739575810115565,2
dmnelf015,GSR_DMN,FC5,2,pseudo_cal,0.13330974257628253,2
dmnelf015,GSR_DMN,FC5,2,blend,0.14156128274237573,2
dmnelf015,GSR_DMN,FC5,3,group_only,0.24722139917414301,1
dmnelf015,GSR_DMN,FC5,3,pseudo_cal,0.21486228618576417,1
dmnelf015,GSR_DMN,FC5,3,blend,0.27052161588592744,1
dmnelf015,proxy_PDA,Fz-FC5,0,group_only,0.22988510469490833,4
dmnelf016,PDA,FC1,0,group_only,-0.08077866603556216,4
dmnelf016,PDA,FC1,1,group_only,-0.06968945570463755,3
dmnelf016,PDA,FC1,1,pseudo_cal,-0.11237655232442273,3
dmnelf016,PDA,FC1,1,blend,-0.09994436646799257,3
dmnelf016,PDA,FC1,2,group_only,0.1578715654127837,2
dmnelf016,PDA,FC1,2,pseudo_cal,0.12474831826943979,2
dmnelf016,PDA,FC1,2,blend,0.16506179477733202,2
dmnelf016,PDA,FC1,3,group_only,0.21244683023187552,1
dmnelf016,PDA,FC1,3,pseudo_cal,-0.05288343658205169,1
dmnelf016,PDA,FC1,3,blend,0.10020979411848241,1
dmnelf016,GSR_CEN,F7,0,group_only,0.1459411272414869,4
dmnelf016,GSR_CEN,F7,1,group_only,0.12863855791575787,3
dmnelf016,GSR_CEN,F7,1,pseudo_cal,0.03279761691517793,3
dmnelf016,GSR_CEN,F7,1,blend,0.1025048862253039,3
dmnelf016,GSR_CEN,F7,2,group_only,0.15628508404611194,2
dmnelf016,GSR_CEN,F7,2,pseudo_cal,-0.02585272676385628,2
dmnelf016,GSR_CEN,F7,2,blend,0.08191829059060747,2
dmnelf016,GSR_CEN,F7,3,group_only,-0.09316550530214823,1
dmnelf016,GSR_CEN,F7,3,pseudo_cal,-0.3083571097457477,1
dmnelf016,GSR_CEN,F7,3,blend,-0.22146707177914277,1
dmnelf016,CEN,Fz,0,group_only,0.14138343149738075,4
dmnelf016,CEN,Fz,1,group_only,0.14037208686713248,3
dmnelf016,CEN,Fz,1,pseudo_cal,0.06028064631012568,3
dmnelf016,CEN,Fz,1,blend,0.11075514048306224,3
dmnelf016,CEN,Fz,2,group_only,0.14930491748891164,2
dmnelf016,CEN,Fz,2,pseudo_cal,0.11068897459702948,2
dmnelf016,CEN,Fz,2,blend,0.1328502212551992,2
dmnelf016,CEN,Fz,3,group_only,0.05922885548126382,1
dmnelf016,CEN,Fz,3,pseudo_cal,0.1783062095517757,1
dmnelf016,CEN,Fz,3,blend,0.14863999291102956,1
dmnelf016,DMN,FC5,0,group_only,0.06696145727568519,4
dmnelf016,DMN,FC5,1,group_only,0.04853073978692152,3
dmnelf016,DMN,FC5,1,pseudo_cal,-0.02239733499938652,3
dmnelf016,DMN,FC5,1,blend,0.026674843690974625,3
dmnelf016,DMN,FC5,2,group_only,0.08556198563888247,2
dmnelf016,DMN,FC5,2,pseudo_cal,0.04857554948750185,2
dmnelf016,DMN,FC5,2,blend,0.1348409718526443,2
dmnelf016,DMN,FC5,3,group_only,0.20624741815137634,1
dmnelf016,DMN,FC5,3,pseudo_cal,-0.04300333261472322,1
dmnelf016,DMN,FC5,3,blend,0.19829191647397656,1
dmnelf016,GSR_PDA,Fz,0,group_only,0.0939080508378341,4
dmnelf016,GSR_PDA,Fz,1,group_only,0.12103982751865393,3
dmnelf016,GSR_PDA,Fz,1,pseudo_cal,0.08056215418371984,3
dmnelf016,GSR_PDA,Fz,1,blend,0.11933759605794733,3
dmnelf016,GSR_PDA,Fz,2,group_only,0.147352014430406,2
dmnelf016,GSR_PDA,Fz,2,pseudo_cal,0.12002537940224167,2
dmnelf016,GSR_PDA,Fz,2,blend,0.1482639137370541,2
dmnelf016,GSR_PDA,Fz,3,group_only,0.23766987988037325,1
dmnelf016,GSR_PDA,Fz,3,pseudo_cal,-0.02423695047221945,1
dmnelf016,GSR_PDA,Fz,3,blend,0.1443833020995598,1
dmnelf016,GSR_DMN,FC5,0,group_only,-0.008627121280357202,4
dmnelf016,GSR_DMN,FC5,1,group_only,0.012433541029152935,3
dmnelf016,GSR_DMN,FC5,1,pseudo_cal,0.02489172261955857,3
dmnelf016,GSR_DMN,FC5,1,blend,0.03207949855153218,3
dmnelf016,GSR_DMN,FC5,2,group_only,0.07669702362954808,2
dmnelf016,GSR_DMN,FC5,2,pseudo_cal,0.03583122344149387,2
dmnelf016,GSR_DMN,FC5,2,blend,0.0953153945204348,2
dmnelf016,GSR_DMN,FC5,3,group_only,0.18990037568804982,1
dmnelf016,GSR_DMN,FC5,3,pseudo_cal,-0.052081393242388904,1
dmnelf016,GSR_DMN,FC5,3,blend,0.1260703284435489,1
dmnelf016,proxy_PDA,Fz-FC5,0,group_only,0.07620774926909643,4
dmnelf1001,PDA,Fp2,0,group_only,-0.03541374926388118,4
dmnelf1001,PDA,Fp2,1,group_only,0.07597267678150947,3
dmnelf1001,PDA,Fp2,1,pseudo_cal,0.00475177061269651,3
dmnelf1001,PDA,Fp2,1,blend,0.048086954635693985,3
dmnelf1001,PDA,Fp2,2,group_only,0.22751596398525514,2
dmnelf1001,PDA,Fp2,2,pseudo_cal,0.2530780697961605,2
dmnelf1001,PDA,Fp2,2,blend,0.26585135352122813,2
dmnelf1001,PDA,Fp2,3,group_only,0.24467847592095748,1
dmnelf1001,PDA,Fp2,3,pseudo_cal,0.36703683678949156,1
dmnelf1001,PDA,Fp2,3,blend,0.327813946454933,1
dmnelf1001,GSR_CEN,F7,0,group_only,0.0614593158712432,4
dmnelf1001,GSR_CEN,F7,1,group_only,0.07092399505588529,3
dmnelf1001,GSR_CEN,F7,1,pseudo_cal,-0.02809065397511941,3
dmnelf1001,GSR_CEN,F7,1,blend,0.028001397130674698,3
dmnelf1001,GSR_CEN,F7,2,group_only,0.10867342277203543,2
dmnelf1001,GSR_CEN,F7,2,pseudo_cal,0.3276075878061641,2
dmnelf1001,GSR_CEN,F7,2,blend,0.24509972245996695,2
dmnelf1001,GSR_CEN,F7,3,group_only,0.15676075748204144,1
dmnelf1001,GSR_CEN,F7,3,pseudo_cal,0.2819706220512962,1
dmnelf1001,GSR_CEN,F7,3,blend,0.2505388098186254,1
dmnelf1001,CEN,Fz,0,group_only,0.03786568359863563,4
dmnelf1001,CEN,Fz,1,group_only,0.04440528604429649,3
dmnelf1001,CEN,Fz,1,pseudo_cal,0.04629106882101795,3
dmnelf1001,CEN,Fz,1,blend,0.05756730253319776,3
dmnelf1001,CEN,Fz,2,group_only,0.19153444958807928,2
dmnelf1001,CEN,Fz,2,pseudo_cal,0.015265207128817803,2
dmnelf1001,CEN,Fz,2,blend,0.12679158034884253,2
dmnelf1001,CEN,Fz,3,group_only,0.14009940170851967,1
dmnelf1001,CEN,Fz,3,pseudo_cal,0.2648071165206113,1
dmnelf1001,CEN,Fz,3,blend,0.2661643372973944,1
dmnelf1001,DMN,F8,0,group_only,0.016127701851942514,4
dmnelf1001,DMN,F8,1,group_only,-0.0379801989741693,3
dmnelf1001,DMN,F8,1,pseudo_cal,0.044539619613848766,3
dmnelf1001,DMN,F8,1,blend,0.005651754435713221,3
dmnelf1001,DMN,F8,2,group_only,-0.006248037441152953,2
dmnelf1001,DMN,F8,2,pseudo_cal,0.12295091443389002,2
dmnelf1001,DMN,F8,2,blend,0.09531581478363675,2
dmnelf1001,DMN,F8,3,group_only,0.07608319833227689,1
dmnelf1001,DMN,F8,3,pseudo_cal,0.04632469622652475,1
dmnelf1001,DMN,F8,3,blend,0.09229517534146127,1
dmnelf1001,GSR_PDA,Fz,0,group_only,0.019236905915047214,4
dmnelf1001,GSR_PDA,Fz,1,group_only,0.022881988687021272,3
dmnelf1001,GSR_PDA,Fz,1,pseudo_cal,0.11393960553421038,3
dmnelf1001,GSR_PDA,Fz,1,blend,0.10034613211737849,3
dmnelf1001,GSR_PDA,Fz,2,group_only,0.15093459904644183,2
dmnelf1001,GSR_PDA,Fz,2,pseudo_cal,0.1944161808942057,2
dmnelf1001,GSR_PDA,Fz,2,blend,0.2342368911986674,2
dmnelf1001,GSR_PDA,Fz,3,group_only,-0.014205157904586421,1
dmnelf1001,GSR_PDA,Fz,3,pseudo_cal,0.43232631164876306,1
dmnelf1001,GSR_PDA,Fz,3,blend,0.29931286321324935,1
dmnelf1001,GSR_DMN,FC5,0,group_only,-0.00815341161328588,4
dmnelf1001,GSR_DMN,FC5,1,group_only,0.004934308263477624,3
dmnelf1001,GSR_DMN,FC5,1,pseudo_cal,-0.06129710621272522,3
dmnelf1001,GSR_DMN,FC5,1,blend,-0.03948262299376147,3
dmnelf1001,GSR_DMN,FC5,2,group_only,-0.013185741859574477,2
dmnelf1001,GSR_DMN,FC5,2,pseudo_cal,-0.014692463590525343,2
dmnelf1001,GSR_DMN,FC5,2,blend,-0.017665343011049623,2
dmnelf1001,GSR_DMN,FC5,3,group_only,-0.053011202966442884,1
dmnelf1001,GSR_DMN,FC5,3,pseudo_cal,0.15057377592536486,1
dmnelf1001,GSR_DMN,FC5,3,blend,0.06344943692616246,1
dmnelf1001,proxy_PDA,Fz-F8,0,group_only,0.002492150528503811,4
dmnelf1002,PDA,FC1,0,group_only,-0.05094327161132292,4
dmnelf1002,PDA,FC1,1,group_only,-0.02507484138847354,3
dmnelf1002,PDA,FC1,1,pseudo_cal,0.12232052549245467,3
dmnelf1002,PDA,FC1,1,blend,0.05882765767325247,3
dmnelf1002,PDA,FC1,2,group_only,-0.10919721332068417,2
dmnelf1002,PDA,FC1,2,pseudo_cal,0.045926705463139955,2
dmnelf1002,PDA,FC1,2,blend,-0.042778219828797114,2
dmnelf1002,PDA,FC1,3,group_only,-0.24405654661134055,1
dmnelf1002,PDA,FC1,3,pseudo_cal,-0.22343015474837452,1
dmnelf1002,PDA,FC1,3,blend,-0.2626314174255043,1
dmnelf1002,GSR_CEN,Fp1,0,group_only,0.1962378656037935,4
dmnelf1002,GSR_CEN,Fp1,1,group_only,0.22003631894178421,3
dmnelf1002,GSR_CEN,Fp1,1,pseudo_cal,-0.1933845635434467,3
dmnelf1002,GSR_CEN,Fp1,1,blend,0.03822176876930001,3
dmnelf1002,GSR_CEN,Fp1,2,group_only,0.129507587395269,2
dmnelf1002,GSR_CEN,Fp1,2,pseudo_cal,-0.04329531565436386,2
dmnelf1002,GSR_CEN,Fp1,2,blend,0.04681371971876284,2
dmnelf1002,GSR_CEN,Fp1,3,group_only,-0.17297515909339903,1
dmnelf1002,GSR_CEN,Fp1,3,pseudo_cal,-0.3063323501505779,1
dmnelf1002,GSR_CEN,Fp1,3,blend,-0.25966791366039615,1
dmnelf1002,CEN,Fz,0,group_only,0.004433009402690105,4
dmnelf1002,CEN,Fz,1,group_only,0.09147539257793146,3
dmnelf1002,CEN,Fz,1,pseudo_cal,-0.13774313744365577,3
dmnelf1002,CEN,Fz,1,blend,-0.04230007806427544,3
dmnelf1002,CEN,Fz,2,group_only,0.03513066637826991,2
dmnelf1002,CEN,Fz,2,pseudo_cal,0.06655732937347913,2
dmnelf1002,CEN,Fz,2,blend,0.0634655823239491,2
dmnelf1002,CEN,Fz,3,group_only,-0.030777009185588095,1
dmnelf1002,CEN,Fz,3,pseudo_cal,-0.07263057665058749,1
dmnelf1002,CEN,Fz,3,blend,-0.05868360653383468,1
dmnelf1002,DMN,FC5,0,group_only,0.09962295955590544,4
dmnelf1002,DMN,FC5,1,group_only,0.15132270159144992,3
dmnelf1002,DMN,FC5,1,pseudo_cal,0.037612564618315324,3
dmnelf1002,DMN,FC5,1,blend,0.11531581440664533,3
dmnelf1002,DMN,FC5,2,group_only,0.10003786417615732,2
dmnelf1002,DMN,FC5,2,pseudo_cal,-0.26241328001488473,2
dmnelf1002,DMN,FC5,2,blend,-0.14177115938127455,2
dmnelf1002,DMN,FC5,3,group_only,0.11494216493186848,1
dmnelf1002,DMN,FC5,3,pseudo_cal,-0.21338364955109354,1
dmnelf1002,DMN,FC5,3,blend,-0.08720167184430773,1
dmnelf1002,GSR_PDA,Fz,0,group_only,-0.11765984586138716,4
dmnelf1002,GSR_PDA,Fz,1,group_only,-0.07696026952664355,3
dmnelf1002,GSR_PDA,Fz,1,pseudo_cal,-0.11709304597150948,3
dmnelf1002,GSR_PDA,Fz,1,blend,-0.17213539237969774,3
dmnelf1002,GSR_PDA,Fz,2,group_only,-0.21581458968265477,2
dmnelf1002,GSR_PDA,Fz,2,pseudo_cal,-0.09967757589957195,2
dmnelf1002,GSR_PDA,Fz,2,blend,-0.204140536461156,2
dmnelf1002,GSR_PDA,Fz,3,group_only,-0.3680872589217506,1
dmnelf1002,GSR_PDA,Fz,3,pseudo_cal,-0.2520649438341991,1
dmnelf1002,GSR_PDA,Fz,3,blend,-0.37009805299424503,1
dmnelf1002,GSR_DMN,FC5,0,group_only,0.1418624623930451,4
dmnelf1002,GSR_DMN,FC5,1,group_only,0.12553399887780387,3
dmnelf1002,GSR_DMN,FC5,1,pseudo_cal,0.01440965416359162,3
dmnelf1002,GSR_DMN,FC5,1,blend,0.08772620517032913,3
dmnelf1002,GSR_DMN,FC5,2,group_only,0.14570782465162246,2
dmnelf1002,GSR_DMN,FC5,2,pseudo_cal,-0.08183129527995617,2
dmnelf1002,GSR_DMN,FC5,2,blend,0.056386061688042624,2
dmnelf1002,GSR_DMN,FC5,3,group_only,0.03642514399128074,1
dmnelf1002,GSR_DMN,FC5,3,pseudo_cal,-0.12415804068742749,1
dmnelf1002,GSR_DMN,FC5,3,blend,-0.075292875881234,1
dmnelf1002,proxy_PDA,Fz-FC5,0,group_only,-0.10723522446324954,4
dmnelf1003,PDA,Fz,0,group_only,0.03811226142962693,3
dmnelf1003,PDA,Fz,1,group_only,-0.0449073217936131,2
dmnelf1003,PDA,Fz,1,pseudo_cal,-0.007518771012417166,2
dmnelf1003,PDA,Fz,1,blend,-0.05025678598623093,2
dmnelf1003,PDA,Fz,2,group_only,-0.09325882697989904,1
dmnelf1003,PDA,Fz,2,pseudo_cal,0.045146883955621685,1
dmnelf1003,PDA,Fz,2,blend,-0.04078783021367583,1
dmnelf1003,GSR_CEN,Fp1,0,group_only,-0.13960732171511092,3
dmnelf1003,GSR_CEN,Fp1,1,group_only,-0.06370242997757504,2
dmnelf1003,GSR_CEN,Fp1,1,pseudo_cal,0.030836714437920347,2
dmnelf1003,GSR_CEN,Fp1,1,blend,-0.02274475527138491,2
dmnelf1003,GSR_CEN,Fp1,2,group_only,-0.08885518258068505,1
dmnelf1003,GSR_CEN,Fp1,2,pseudo_cal,0.266337599956739,1
dmnelf1003,GSR_CEN,Fp1,2,blend,0.10352735260004813,1
dmnelf1003,CEN,F8,0,group_only,0.11395542640526284,3
dmnelf1003,CEN,F8,1,group_only,0.18127874051696902,2
dmnelf1003,CEN,F8,1,pseudo_cal,0.09374337553818352,2
dmnelf1003,CEN,F8,1,blend,0.17589969072626874,2
dmnelf1003,CEN,F8,2,group_only,0.14597256726194302,1
dmnelf1003,CEN,F8,2,pseudo_cal,0.09073186248568459,1
dmnelf1003,CEN,F8,2,blend,0.14213155629865715,1
dmnelf1003,DMN,FC5,0,group_only,0.1712911339908586,3
dmnelf1003,DMN,FC5,1,group_only,0.1258187031730284,2
dmnelf1003,DMN,FC5,1,pseudo_cal,0.24185401727728328,2
dmnelf1003,DMN,FC5,1,blend,0.2471954398313534,2
dmnelf1003,DMN,FC5,2,group_only,0.16828434669755998,1
dmnelf1003,DMN,FC5,2,pseudo_cal,0.07382142226223525,1
dmnelf1003,DMN,FC5,2,blend,0.1518157913913359,1
dmnelf1003,GSR_PDA,Fz,0,group_only,0.030980371256371268,3
dmnelf1003,GSR_PDA,Fz,1,group_only,-0.055922861536784364,2
dmnelf1003,GSR_PDA,Fz,1,pseudo_cal,0.022857456213073772,2
dmnelf1003,GSR_PDA,Fz,1,blend,-0.03356252080996339,2
dmnelf1003,GSR_PDA,Fz,2,group_only,-0.19419803738293104,1
dmnelf1003,GSR_PDA,Fz,2,pseudo_cal,0.0746412194123054,1
dmnelf1003,GSR_PDA,Fz,2,blend,-0.10759776629665098,1
dmnelf1003,GSR_DMN,FC5,0,group_only,-0.018291019643376854,3
dmnelf1003,GSR_DMN,FC5,1,group_only,0.04655925117262855,2
dmnelf1003,GSR_DMN,FC5,1,pseudo_cal,0.2615610214265224,2
dmnelf1003,GSR_DMN,FC5,1,blend,0.18894797494961418,2
dmnelf1003,GSR_DMN,FC5,2,group_only,-0.01460794404752121,1
dmnelf1003,GSR_DMN,FC5,2,pseudo_cal,0.21853595853793573,1
dmnelf1003,GSR_DMN,FC5,2,blend,0.12391096168777996,1
dmnelf1003,proxy_PDA,F8-FC5,0,group_only,0.03903011803326913,3
