subject,target,ttype,mode,window,r,cohort
dmnelf001,CEN,clean,all,fb,0.0240683629646211,dmnelf
dmnelf001,CEN,clean,epoc,fb,0.0229495513629508,dmnelf
dmnelf001,DMN,clean,all,fb,0.0306397182869831,dmnelf
dmnelf001,DMN,clean,epoc,fb,0.0381271920565423,dmnelf
dmnelf001,PDA,clean,all,fb,-0.055031168353703,dmnelf
dmnelf001,PDA,clean,epoc,fb,-0.0104887572330645,dmnelf
dmnelf004,CEN,clean,all,fb,-0.0882760415445771,dmnelf
dmnelf004,CEN,clean,epoc,fb,-0.0568560848798699,dmnelf
dmnelf004,DMN,clean,all,fb,0.003318525421652,dmnelf
dmnelf004,DMN,clean,epoc,fb,-0.0130741974932552,dmnelf
dmnelf004,PDA,clean,all,fb,-0.0237100768893311,dmnelf
dmnelf004,PDA,clean,epoc,fb,-0.0693216329691259,dmnelf
dmnelf005,CEN,clean,all,fb,0.3240874002719953,dmnelf
dmnelf005,CEN,clean,epoc,fb,0.2980188540992116,dmnelf
dmnelf005,DMN,clean,all,fb,-0.0066644249158089,dmnelf
dmnelf005,DMN,clean,epoc,fb,-0.0651730472084555,dmnelf
dmnelf005,PDA,clean,all,fb,0.2287408881391474,dmnelf
dmnelf005,PDA,clean,epoc,fb,0.174902291303109,dmnelf
dmnelf006,CEN,clean,all,fb,-0.0385174382563752,dmnelf
dmnelf006,CEN,clean,epoc,fb,-0.0414009585959907,dmnelf
dmnelf006,DMN,clean,all,fb,0.1737360663866208,dmnelf
dmnelf006,DMN,clean,epoc,fb,0.1796928805352788,dmnelf
dmnelf006,PDA,clean,all,fb,0.0390804285520527,dmnelf
dmnelf006,PDA,clean,epoc,fb,-0.0278275015723037,dmnelf
dmnelf007,CEN,clean,all,fb,0.2431738111287813,dmnelf
dmnelf007,CEN,clean,epoc,fb,0.2349795247122577,dmnelf
dmnelf007,DMN,clean,all,fb,0.1315392827297598,dmnelf
dmnelf007,DMN,clean,epoc,fb,0.1348068433481529,dmnelf
dmnelf007,PDA,clean,all,fb,-0.0065251736798833,dmnelf
dmnelf007,PDA,clean,epoc,fb,-0.0425069165731225,dmnelf
dmnelf008,CEN,clean,all,fb,0.2013807995145125,dmnelf
dmnelf008,CEN,clean,epoc,fb,0.2185841782831767,dmnelf
dmnelf008,DMN,clean,all,fb,0.0784401779182708,dmnelf
dmnelf008,DMN,clean,epoc,fb,0.0690982352527345,dmnelf
dmnelf008,PDA,clean,all,fb,0.1644460230122814,dmnelf
dmnelf008,PDA,clean,epoc,fb,0.2118791472331065,dmnelf
dmnelf009,CEN,clean,all,fb,-0.1319652911347304,dmnelf
dmnelf009,CEN,clean,epoc,fb,-0.1067486771122759,dmnelf
dmnelf009,DMN,clean,all,fb,0.2777882650301139,dmnelf
dmnelf009,DMN,clean,epoc,fb,0.2755581772519826,dmnelf
dmnelf009,PDA,clean,all,fb,0.0768399804460083,dmnelf
dmnelf009,PDA,clean,epoc,fb,0.0356662708932345,dmnelf
dmnelf010,CEN,clean,all,fb,0.0827320023257965,dmnelf
dmnelf010,CEN,clean,epoc,fb,0.0209947622880898,dmnelf
dmnelf010,DMN,clean,all,fb,0.0431590055527802,dmnelf
dmnelf010,DMN,clean,epoc,fb,0.0372353208564013,dmnelf
dmnelf010,PDA,clean,all,fb,0.1184124086113357,dmnelf
dmnelf010,PDA,clean,epoc,fb,0.0452462390796858,dmnelf
dmnelf011,CEN,clean,all,fb,0.183607081895448,dmnelf
dmnelf011,CEN,clean,epoc,fb,0.1764820791580262,dmnelf
dmnelf011,DMN,clean,all,fb,0.1162214579736207,dmnelf
dmnelf011,DMN,clean,epoc,fb,0.1289827118256971,dmnelf
dmnelf011,PDA,clean,all,fb,-0.0356026307174048,dmnelf
dmnelf011,PDA,clean,epoc,fb,-0.0452567634791658,dmnelf
dmnelf012,CEN,clean,all,fb,-0.0990499464928716,dmnelf
dmnelf012,CEN,clean,epoc,fb,-0.0887784903947074,dmnelf
dmnelf012,DMN,clean,all,fb,0.0187002643939107,dmnelf
dmnelf012,DMN,clean,epoc,fb,0.02743398843987,dmnelf
dmnelf012,PDA,clean,all,fb,-0.0047422129173578,dmnelf
dmnelf012,PDA,clean,epoc,fb,0.0078289905489816,dmnelf
dmnelf013,CEN,clean,all,fb,0.0132107757981599,dmnelf
dmnelf013,CEN,clean,epoc,fb,0.0373162347624361,dmnelf
dmnelf013,DMN,clean,all,fb,0.0108862432293315,dmnelf
dmnelf013,DMN,clean,epoc,fb,0.0182318408709577,dmnelf
dmnelf013,PDA,clean,all,fb,0.062012415515826,dmnelf
dmnelf013,PDA,clean,epoc,fb,0.0789356249628714,dmnelf
dmnelf014,CEN,clean,all,fb,0.1181445074011593,dmnelf
dmnelf014,CEN,clean,epoc,fb,0.135308108078659,dmnelf
dmnelf014,DMN,clean,all,fb,-0.0379493181399251,dmnelf
dmnelf014,DMN,clean,epoc,fb,-0.0320786674147855,dmnelf
dmnelf014,PDA,clean,all,fb,0.152116756029166,dmnelf
dmnelf014,PDA,clean,epoc,fb,0.1756369584217243,dmnelf
dmnelf015,CEN,clean,all,fb,0.2758273054706795,dmnelf
dmnelf015,CEN,clean,epoc,fb,0.2696893316764187,dmnelf
dmnelf015,DMN,clean,all,fb,-0.0361650433912495,dmnelf
dmnelf015,DMN,clean,epoc,fb,-0.0116281905232978,dmnelf
dmnelf015,PDA,clean,all,fb,0.1136713316583652,dmnelf
dmnelf015,PDA,clean,epoc,fb,0.048950866604869,dmnelf
dmnelf016,CEN,clean,all,fb,-0.0053717150500424,dmnelf
dmnelf016,CEN,clean,epoc,fb,0.020935585108419,dmnelf
dmnelf016,DMN,clean,all,fb,0.2031894135995036,dmnelf
dmnelf016,DMN,clean,epoc,fb,0.252910745705474,dmnelf
dmnelf016,PDA,clean,all,fb,-0.0836630671118519,dmnelf
dmnelf016,PDA,clean,epoc,fb,-0.0565972595016314,dmnelf
dmnelf1001,CEN,clean,all,fb,0.3044041859205967,dmnelf
dmnelf1001,CEN,clean,epoc,fb,0.1889450012616678,dmnelf
dmnelf1001,DMN,clean,all,fb,0.0009615873905686,dmnelf
dmnelf1001,DMN,clean,epoc,fb,0.0241660910299096,dmnelf
dmnelf1001,PDA,clean,all,fb,0.1663617907586292,dmnelf
dmnelf1001,PDA,clean,epoc,fb,0.1606101253680778,dmnelf
dmnelf1002,CEN,clean,all,fb,0.3721136162804704,dmnelf
dmnelf1002,CEN,clean,epoc,fb,0.3146127656671709,dmnelf
dmnelf1002,DMN,clean,all,fb,0.0212608871829988,dmnelf
dmnelf1002,DMN,clean,epoc,fb,0.0272956479179293,dmnelf
dmnelf1002,PDA,clean,all,fb,0.1820836926251143,dmnelf
dmnelf1002,PDA,clean,epoc,fb,0.2072147583090151,dmnelf
dmnelf1003,CEN,clean,all,fb,-0.0342629074863721,dmnelf
dmnelf1003,CEN,clean,epoc,fb,-0.0323973882067033,dmnelf
dmnelf1003,DMN,clean,all,fb,-0.0089137783477613,dmnelf
dmnelf1003,DMN,clean,epoc,fb,-0.0538871627709307,dmnelf
dmnelf1003,PDA,clean,all,fb,-0.0289139959652752,dmnelf
dmnelf1003,PDA,clean,epoc,fb,-0.0338113048103284,dmnelf
rtbpd002,CEN,clean,all,fb,0.3415532047491539,rtbpd
rtbpd002,CEN,clean,epoc,fb,0.3290003311362144,rtbpd
rtbpd002,DMN,clean,all,fb,0.1659835373168872,rtbpd
rtbpd002,DMN,clean,epoc,fb,0.0764534297076086,rtbpd
rtbpd002,PDA,clean,all,fb,0.1756055070155245,rtbpd
rtbpd002,PDA,clean,epoc,fb,0.1701506449694406,rtbpd
rtbpd003,CEN,clean,all,fb,0.1523754632409734,rtbpd
rtbpd003,CEN,clean,epoc,fb,0.0817660456534618,rtbpd
rtbpd003,DMN,clean,all,fb,0.1623968793565489,rtbpd
rtbpd003,DMN,clean,epoc,fb,0.1380179287836236,rtbpd
rtbpd003,PDA,clean,all,fb,0.051241536995449,rtbpd
rtbpd003,PDA,clean,epoc,fb,-0.0164109040636551,rtbpd
rtbpd004,CEN,clean,all,fb,0.0180487248106101,rtbpd
rtbpd004,CEN,clean,epoc,fb,0.0122414371797009,rtbpd
rtbpd004,DMN,clean,all,fb,0.0437496020122667,rtbpd
rtbpd004,DMN,clean,epoc,fb,-0.018924482724532,rtbpd
rtbpd004,PDA,clean,all,fb,-0.0129348077406877,rtbpd
rtbpd004,PDA,clean,epoc,fb,-0.0284209712839756,rtbpd
rtbpd009,CEN,clean,all,fb,-0.0163279131018743,rtbpd
rtbpd009,CEN,clean,epoc,fb,-0.049146640115302,rtbpd
rtbpd009,DMN,clean,all,fb,-0.0466595229047946,rtbpd
rtbpd009,DMN,clean,epoc,fb,-0.0706763200850986,rtbpd
rtbpd009,PDA,clean,all,fb,0.0380476025616922,rtbpd
rtbpd009,PDA,clean,epoc,fb,0.037736734381839,rtbpd
rtbpd010,CEN,clean,all,fb,0.3815219786313519,rtbpd
rtbpd010,CEN,clean,epoc,fb,0.3653468621886774,rtbpd
rtbpd010,DMN,clean,all,fb,0.1555017871153174,rtbpd
rtbpd010,DMN,clean,epoc,fb,0.1487639763879694,rtbpd
rtbpd010,PDA,clean,all,fb,0.2931999314267181,rtbpd
rtbpd010,PDA,clean,epoc,fb,0.2578332857144961,rtbpd
rtbpd011,CEN,clean,all,fb,0.1477096516380668,rtbpd
rtbpd011,CEN,clean,epoc,fb,0.1213403052720903,rtbpd
rtbpd011,DMN,clean,all,fb,0.1628158916028147,rtbpd
rtbpd011,DMN,clean,epoc,fb,0.1818655515536143,rtbpd
rtbpd011,PDA,clean,all,fb,0.061724884214657,rtbpd
rtbpd011,PDA,clean,epoc,fb,0.0198002132600438,rtbpd
rtbpd012,CEN,clean,all,fb,0.1409547062524138,rtbpd
rtbpd012,CEN,clean,epoc,fb,0.1546733891804955,rtbpd
rtbpd012,DMN,clean,all,fb,0.1997354873626652,rtbpd
rtbpd012,DMN,clean,epoc,fb,0.1859706224900549,rtbpd
rtbpd012,PDA,clean,all,fb,0.0633363182929096,rtbpd
rtbpd012,PDA,clean,epoc,fb,0.0484843533171424,rtbpd
rtbpd013,CEN,clean,all,fb,0.0649631203123524,rtbpd
rtbpd013,CEN,clean,epoc,fb,0.0281233578769691,rtbpd
rtbpd013,DMN,clean,all,fb,0.0618310382257124,rtbpd
rtbpd013,DMN,clean,epoc,fb,0.0459712146015014,rtbpd
rtbpd013,PDA,clean,all,fb,0.0527507732173451,rtbpd
rtbpd013,PDA,clean,epoc,fb,0.0504780610453912,rtbpd
rtbpd015,CEN,clean,all,fb,0.0440066141515723,rtbpd
rtbpd015,CEN,clean,epoc,fb,-0.0040017462774407,rtbpd
rtbpd015,DMN,clean,all,fb,-0.0577706661604823,rtbpd
rtbpd015,DMN,clean,epoc,fb,-0.1024888818876817,rtbpd
rtbpd015,PDA,clean,all,fb,-0.0202434480037645,rtbpd
rtbpd015,PDA,clean,epoc,fb,-0.0539921303423817,rtbpd
rtbpd018,CEN,clean,all,fb,0.0466500699121035,rtbpd
rtbpd018,CEN,clean,epoc,fb,0.0311605108552473,rtbpd
rtbpd018,DMN,clean,all,fb,0.0610863916792982,rtbpd
rtbpd018,DMN,clean,epoc,fb,0.0399035254222752,rtbpd
rtbpd018,PDA,clean,all,fb,-0.0191300032158028,rtbpd
rtbpd018,PDA,clean,epoc,fb,-0.0361798361144115,rtbpd
rtbpd020,CEN,clean,all,fb,0.0669668727370997,rtbpd
rtbpd020,CEN,clean,epoc,fb,0.0602582709080588,rtbpd
rtbpd020,DMN,clean,all,fb,0.335624670828561,rtbpd
rtbpd020,DMN,clean,epoc,fb,0.2730544177701541,rtbpd
rtbpd020,PDA,clean,all,fb,0.3785400768544436,rtbpd
rtbpd020,PDA,clean,epoc,fb,0.3397010085584579,rtbpd
rtbpd021,CEN,clean,all,fb,-0.0543471020444423,rtbpd
rtbpd021,CEN,clean,epoc,fb,-0.0500069376388529,rtbpd
rtbpd021,DMN,clean,all,fb,0.0851152111160085,rtbpd
rtbpd021,DMN,clean,epoc,fb,0.0849402671538674,rtbpd
rtbpd021,PDA,clean,all,fb,-0.0799596405120539,rtbpd
rtbpd021,PDA,clean,epoc,fb,-0.0578352199371511,rtbpd
rtbpd022,CEN,clean,all,fb,0.0237127145474971,rtbpd
rtbpd022,CEN,clean,epoc,fb,0.0382897814740084,rtbpd
rtbpd022,DMN,clean,all,fb,0.0435104727800926,rtbpd
rtbpd022,DMN,clean,epoc,fb,0.053399528478581,rtbpd
rtbpd022,PDA,clean,all,fb,0.2133728075784057,rtbpd
rtbpd022,PDA,clean,epoc,fb,0.238354652031713,rtbpd
rtbpd024,CEN,clean,all,fb,0.0712068511182311,rtbpd
rtbpd024,CEN,clean,epoc,fb,0.1369680746657265,rtbpd
rtbpd024,DMN,clean,all,fb,0.0565782248368963,rtbpd
rtbpd024,DMN,clean,epoc,fb,0.0690234977683474,rtbpd
rtbpd024,PDA,clean,all,fb,0.0893453137511392,rtbpd
rtbpd024,PDA,clean,epoc,fb,0.1543363833504049,rtbpd
rtbpd026,CEN,clean,all,fb,-0.1348810379630984,rtbpd
rtbpd026,CEN,clean,epoc,fb,-0.1247107450332815,rtbpd
rtbpd026,DMN,clean,all,fb,-0.081785113879762,rtbpd
rtbpd026,DMN,clean,epoc,fb,-0.0317025403064673,rtbpd
rtbpd026,PDA,clean,all,fb,-0.0209605956926529,rtbpd
rtbpd026,PDA,clean,epoc,fb,-0.0595729583090073,rtbpd
rtbpd030,CEN,clean,all,fb,0.1977832235270234,rtbpd
rtbpd030,CEN,clean,epoc,fb,0.2006595578668277,rtbpd
rtbpd030,DMN,clean,all,fb,0.2899973468467945,rtbpd
rtbpd030,DMN,clean,epoc,fb,0.2942321750472621,rtbpd
rtbpd030,PDA,clean,all,fb,0.0354945656155656,rtbpd
rtbpd030,PDA,clean,epoc,fb,0.0076411483494937,rtbpd
rtbpd034,CEN,clean,all,fb,0.1075875543368734,rtbpd
rtbpd034,CEN,clean,epoc,fb,0.0153042537543263,rtbpd
rtbpd034,DMN,clean,all,fb,0.0791297856828164,rtbpd
rtbpd034,DMN,clean,epoc,fb,0.0337542067442054,rtbpd
rtbpd034,PDA,clean,all,fb,-0.103165632911673,rtbpd
rtbpd034,PDA,clean,epoc,fb,-0.1181823659669536,rtbpd
rtbpd038,CEN,clean,all,fb,0.1233230442381314,rtbpd
rtbpd038,CEN,clean,epoc,fb,0.0954026260980015,rtbpd
rtbpd038,DMN,clean,all,fb,0.1722223025973958,rtbpd
rtbpd038,DMN,clean,epoc,fb,0.1802143865416893,rtbpd
rtbpd038,PDA,clean,all,fb,0.0669910414998638,rtbpd
rtbpd038,PDA,clean,epoc,fb,0.008507382658559,rtbpd
rtbpd040,CEN,clean,all,fb,0.1051087394106443,rtbpd
rtbpd040,CEN,clean,epoc,fb,0.1131913445668668,rtbpd
rtbpd040,DMN,clean,all,fb,-0.0139771781349359,rtbpd
rtbpd040,DMN,clean,epoc,fb,-0.054183539905349,rtbpd
rtbpd040,PDA,clean,all,fb,-0.0606313544717899,rtbpd
rtbpd040,PDA,clean,epoc,fb,-0.0889264531911346,rtbpd
