subject,run,qDMN,qCEN,qPDA,qGLOBAL,fsnrPDA,betaPDA,r2PDA,fsnrCEN,betaCEN,r2CEN,resid_PDA,resid_CEN
dmnelf001,1,2.741975797260068,1.759887157747445,-0.4086386210938136,3.611951442693157,-11.03272299937972,-0.2157354801503785,0.07307554146198612,-25.828821242481897,0.04518952632531048,0.0026060611405929203,0.10502400510764905,0.13903714052852262
dmnelf001,2,-0.8199424231120507,-3.2620863162375984,-1.6997632577770245,1.0428748933910945,-13.890616419485042,-0.11823396342953772,0.03922474832437966,-35.2874858921194,0.010706329416057517,0.0002958849601912474,0.06091430076679367,0.06889741341831919
dmnelf001,3,-2.979268610245303,-0.06430992068639235,3.2817769703721944,-3.460435592878665,-13.791867528274606,-0.1366672769417644,0.040090682917245976,-10.023124798420257,0.2928107997730844,0.0904699920946216,0.07955893490683275,0.1533415279520129
dmnelf001,4,0.2004932244165858,0.6557020349347671,0.5372329772946123,4.445640530050184,-14.278130066010064,-0.1060449868606069,0.035996925753561934,-11.96481174499753,0.2027351968952609,0.059804905233119654,0.053575522694179895,0.11495096085548653
dmnelf004,1,-0.4945430241741512,2.9289065931936795,1.6302640328716596,5.587394474825043,-4.334691015646347,0.7820673319163708,0.2693152480587345,-4.679077258988641,0.552036739123899,0.2539988590491286,0.2952096275345244,0.15922703735691507
dmnelf004,2,-0.6562060535915182,-3.4999595979007663,-5.206584499433768,0.9103768332244866,-5.37184887690365,0.6454109426024418,0.22497362035219026,-16.672560048325828,0.1459973683894246,0.021061979767302286,0.25528815307578245,0.17624596587088392
dmnelf004,3,-0.030400247152065796,-3.9669260049856274,-0.25856661764264033,-4.209805945747805,-7.627846813753264,0.4642869284785785,0.14724472150799142,-10.047901537475939,0.24470375597148544,0.09000164616869484,0.22209087736066532,0.10770715376613466
dmnelf004,4,2.562730183552025,-3.525054851119332,5.1737154073543365,-3.917336515179954,-6.005906221196363,0.39693247314640523,0.2005418851204386,-9.868544697493453,0.24519656995689998,0.09344180487255092,0.11173700009204228,0.10376631062576244
dmnelf005,1,1.9701614832801273,-0.627237195115298,-5.149904561276758,4.070844237574482,-10.07868041423155,0.12655004157551336,0.0894228873741062,-11.413654982954494,0.24458402083860004,0.0673522557855691,0.029011203852542026,0.14736514774393858
dmnelf005,2,4.267110773119237,3.7554469266415342,3.8942764778110694,9.487694911175835,-7.857416185732365,0.3181400393109029,0.14073037398436974,-12.08974071382103,0.23648836827201505,0.058207778883761684,0.10993890431040157,0.16097808837162805
dmnelf005,3,2.768532627790228,0.192334199373437,-8.939370683543082,4.937617598238921,-19.900456236753982,0.08771508306019096,0.010128224461525398,-22.40802442049472,0.08195876564435586,0.005710974275697704,0.13377264264743713,0.20804936040440986
dmnelf005,4,2.644159532121744,0.8330916928567231,-0.3419585657822183,15.129081463822251,-10.504953653220856,0.21579576495419459,0.08174616464732222,-12.831661999671136,0.1682588994461232,0.049519582411503164,0.09305813079303665,0.0966708222986262
dmnelf006,1,-2.7305532620758246,-2.613577364343403,-0.5532229178976996,-1.42571080533726,-9.783350824184867,0.2270080905371062,0.09511684198187956,-21.140710262915285,0.10266401568616894,0.007631361115522691,0.08721493846181944,0.2438263550535978
dmnelf006,2,1.5382149927624584,3.3670240375510536,-8.986581109804249,-2.220780352810661,-18.48287823289691,-0.08718726472895318,0.013982880053678424,-15.011622957831444,-0.15099446182489262,0.030574007254250565,0.09536017827265189,0.12860488275098383
dmnelf006,3,-5.773287275922074,5.525318946170291,1.578018235306383,2.858289109449246,-8.815147425555828,0.4109805183060856,0.11611327362178993,-28.026128957001045,0.03459594821877708,0.0015729085059838527,0.2287337965674078,0.13515636327478078
dmnelf006,4,-5.553361851099278,-4.033836508124507,-0.01564574113080597,-6.791694011616864,-12.78168771075281,0.19838148279538378,0.050064003251474545,-16.394107563159647,0.12010916318815214,0.0224253472167021,0.13284467789833357,0.11187580252428449
dmnelf007,1,3.0090004014605425,-0.6840388128319325,7.895156308956811,1.6678897092531275,-15.051985348360349,-0.10058745987647201,0.03029974509784495,-13.62398297135881,0.2804302497192504,0.041605065722858256,0.05760488871710462,0.3222709353139057
dmnelf007,2,-5.838861501792515,-2.392717048405921,-4.162294655458992,-1.3829649049292518,-18.85394277157913,0.08583081141416311,0.01285250468258663,-13.273221012419326,-0.2511365685480541,0.0449474608011175,0.10065928437892167,0.2384048783935832
dmnelf007,3,1.3789251705510255,-2.22363114785394,-5.631175871037629,1.5265779554304748,-15.334767124250341,0.1667206687262286,0.028444029002106706,-30.002544094386433,0.04007679276111314,0.0009984165403262109,0.16889964026393064,0.2858995369893709
dmnelf007,4,4.748553042163044,3.6823506669482713,-4.645004182273732,4.707783168709609,-18.403534138587375,0.12237644242512397,0.014237019849792138,-31.115072417601702,0.03822862650830198,0.0007729598506641665,0.18446848727179094,0.3360916759396102
dmnelf008,1,10.55034725014798,-6.668092047864037,4.3262075947587135,1.326682772384704,-8.583920866920518,0.4066224907329137,0.12169020910103853,-4.713522272981699,0.4437766698777325,0.2524989514210281,0.21229902721581884,0.10371803637903587
dmnelf008,2,13.395116438257697,4.286179118951874,5.430661514137239,5.748906900927358,-7.136547364950454,0.40906531938739316,0.1620232166294779,-4.523873352843286,0.48929422578847065,0.26082975832650324,0.15396187252877577,0.12069815778148268
dmnelf008,3,12.02334639302001,-7.642588330433338,5.414814226845084,1.7982393216164627,-11.696631555694903,0.30180580517668704,0.06337289760603665,-12.327936063649824,0.2117687639264693,0.055272962024437745,0.2394922469911217,0.1363611121643424
dmnelf008,4,9.0734363672887,-1.8096876795957564,4.252635308481339,2.97895085876837,-9.939455983110756,0.28708165438871946,0.09206781054421487,-10.324892294788997,0.1760270770460401,0.08491281594817063,0.14458711889765358,0.05940476872906777
dmnelf009,1,3.0729565356334043,0.32176823630923623,4.90567701225802,3.6991378625518982,-12.820224593107865,0.16595393805309977,0.04964368438350955,-7.406035656998407,0.37340322771231677,0.15377396631601586,0.0937930609662547,0.13650005489122502
dmnelf009,2,7.939162289546572,7.762063563094163,-2.310003158799777,9.649380940010037,-21.010618541215422,-0.07413373317596277,0.007861590334949382,-21.288154937123696,0.06812710617593738,0.007378501726475779,0.12338623722349384,0.11107811532249365
dmnelf009,3,3.5229901358876345,-1.3557627951366373,2.8810312836414527,5.056903845106477,-7.786988168473298,0.4333975470108113,0.14270282644139728,-8.10848291657079,0.3554127329829683,0.1338837572207776,0.20074504743688668,0.14537421482250246
dmnelf009,4,0.6844460287814262,-0.6694938927266408,-2.5125495669162,2.010228602238329,-8.656462377710087,0.2702409864533082,0.11991618330551203,-50.667973915907254,0.0022028103058902545,8.574304145320367e-06,0.09535024159048083,0.10067571342820927
dmnelf010,1,-2.49403097287666,-0.11119337785918362,-4.54098009231927,0.8011464630234484,-28.585359372355903,0.0360215453265703,0.0013831298727755453,-14.19089730792243,-0.20383481400135822,0.036700469314004044,0.16666090756037658,0.19400797316776466
dmnelf010,2,2.8729976479508186,0.44941286469581504,3.619050379507595,0.7979095491229686,-18.706497426417588,-0.08498331862766281,0.013290447072029622,-12.548527473273756,-0.23696497645251158,0.05267979232252686,0.09538723070021449,0.17963633914230676
dmnelf010,3,2.6122841281592635,1.4705100581097477,4.272532434415411,1.2294655600607551,-13.10109037477371,0.15128670909338038,0.046679879034186106,-10.095509350375785,0.21757718852099542,0.08910786106938008,0.08315410894785756,0.08608961808840991
dmnelf010,4,3.5031907382501144,1.2544899925630462,2.2504537199942893,-3.2444348445972993,-26.500305192837615,0.03054265846289746,0.0022335638466695336,-22.238730762987565,-0.04958905153528079,0.005936643753989409,0.07413397987370703,0.07325171633123102
dmnelf011,1,4.5288056014869635,3.2629153345446067,-2.813168037030777,7.509038957691898,-60.741239467957186,-0.0004892390334567997,8.430933952091791e-07,-17.880397742347277,-0.15459504601523066,0.01603031092628387,0.050505569288837905,0.26097808793639554
dmnelf011,2,4.873735335994704,6.313744288406737,3.18058839224802,8.649448344147823,-15.07298640414132,0.11110174701490312,0.03015798723539346,-17.560848159911156,0.14715577937763966,0.01723318956451397,0.07061769558377202,0.2196911626980149
dmnelf011,3,6.396100691418659,5.34279936345682,5.294520545102231,6.518357954319132,-12.99435745316487,0.1445421255644813,0.04778580494974127,-11.170107260919242,0.2564775333829428,0.07096153014828104,0.07406239366556586,0.15320837548087993
dmnelf011,4,5.230122185179718,6.624003292257744,4.529097370259908,7.127253897096953,-15.220402886750943,0.08377193855990998,0.029180857020186125,-30.459099234276987,0.026665967966258503,0.0008988754607300334,0.041534648999594734,0.14060402542093642
dmnelf012,1,4.4704421607254865,1.652657141523553,0.1360978935340251,10.856229505317312,-8.917823420788846,0.35566726807878507,0.11370880436288244,-5.07213391266037,0.46608951073391536,0.23723441811328272,0.17540552351527788,0.12425823338963508
dmnelf012,2,5.346162344124963,2.062795243900018,-0.7577486141221166,5.888734710405483,-7.459446898550507,0.35978304935501454,0.15218041226244455,-7.301963589054577,0.42404231121666053,0.15691821141157478,0.1282918924460488,0.17186516911038377
dmnelf012,3,4.379134306540433,3.3558777985403783,0.7082679446269601,7.991710738310065,-9.8972757049404,0.24130224963143507,0.0928829032688658,-19.10895188523294,0.10106532247497585,0.012128449657013126,0.10116340464143622,0.14800372486913776
dmnelf012,4,5.972453851050333,6.483297198135917,-0.6176950731667307,11.692736063192065,-12.249857522104284,0.17880765018277656,0.05621928850482518,-17.24032507190859,0.10893798085511007,0.018528706184910024,0.09548410220033864,0.11183153215728074
dmnelf013,1,3.2003025365657867,0.354769338735812,-2.170617226866079,0.7982422064587305,-19.336458072923254,-0.026787140810837624,0.011516581393263382,-23.03878576579063,-0.03141708411653197,0.004942759591812105,0.01095649521736654,0.03534951431372075
dmnelf013,2,8.621692602626132,10.030942206304946,7.450219711060905,6.849015215449303,-32.14053499540747,-0.009968596850340574,0.0006104938388770098,-13.346102875461588,-0.10000902747894054,0.04423254720417064,0.028939744313297933,0.038446943604290885
dmnelf013,3,-6.286193242090173,-3.8829696282263355,-4.923889321703681,-2.334559589183315,-16.267208604625026,-0.061413495387474246,0.023074930103221043,-26.79648939885783,0.023615312859841545,0.0020866225893881925,0.02840675449232844,0.04744707801449733
dmnelf013,4,-5.501135635424839,2.0963833147857107,-1.463078122025342,3.742588150125407,-17.90356967377228,-0.06471889785129457,0.015946368685889657,-21.602993789100214,-0.04887466336019072,0.006866073359268115,0.04598247228706556,0.061466723279958446
dmnelf014,1,-2.329807808458476,-2.958264205400831,6.283207199950961,-5.5863228888564205,-8.723339270832488,0.3002721268834625,0.118300520952218,-5.729056343144951,0.7111039977320156,0.21095742016780233,0.11954656240377202,0.3364689552404888
dmnelf014,2,2.2831048908642835,5.029370968708563,0.07040856222324414,0.3438472293771278,-6.205097403377556,0.5448875162921771,0.19328939469536532,-9.928073302034313,0.339876651757133,0.09228713437422346,0.22044313640047328,0.20212643564002145
dmnelf014,3,3.801620779223191,1.1261382801319906,-0.4648331001983236,0.20857812736379633,-18.65696907677601,0.13458172934639198,0.013440834330590115,-15.199250361015702,-0.21365334572629704,0.029319153294144275,0.2365060429310362,0.26885465307006146
dmnelf014,4,-2.4208951193368184,-0.9322986341996944,-5.540953266433125,0.9148586302265667,-10.76401266613549,0.2309992826056967,0.07737882838129742,-7.819676026625673,-0.40510590015407805,0.1417844986760567,0.11318676665591412,0.17671681054200103
dmnelf015,1,2.607732499963204,6.5216409909961754,6.852160852277439,6.219881170131276,-7.259055994942324,0.543585670003632,0.15822969828224884,-6.965957427382547,0.5135011204765614,0.16742734810546106,0.2796499352670276,0.23326611634595648
dmnelf015,2,-0.5258816892656506,0.28610176193969794,2.2408366820241357,0.7411265844299446,-6.618143019737552,0.5554921219123256,0.17889032984790754,-8.11998591192735,0.39320904095282877,0.1335769189581031,0.25196675047625194,0.17840979981855576
dmnelf015,3,-0.2224041603701475,-1.3969648349534916,2.5230720394272192,1.761978613288671,-9.742434523558469,0.29775179014143754,0.095930831012594,-8.545932380639785,0.3729630277149402,0.12262821978541255,0.14863645532919145,0.1770508135145284
dmnelf015,4,2.2738984162915705,1.8522664434963823,4.967200703365645,0.8183895318878305,-9.416405435360915,0.3501055927195829,0.10264201900816827,-17.928699869514926,0.12966934980793707,0.015855821244050036,0.19063900616582038,0.18565975725611017
dmnelf016,1,-1.0466052624583664,3.2428779091638873,1.9186040450090758,3.529531981456521,-36.402164905690725,0.013377584057025545,0.00022892018029320742,-14.004555375978933,0.17400729074535595,0.0382479008854584,0.13904167550074997,0.1354451794578539
dmnelf016,2,3.8419017008862166,4.565660450598024,0.3940075827092059,7.265648898754561,-15.787552127332805,0.11600812979300743,0.02570025175353779,-18.712464195650437,0.11002787927224704,0.013272442057593432,0.09076223642213052,0.16011242270747092
dmnelf016,3,2.5614580155416866,7.159534105434351,-1.8526490423241952,4.8937838218301515,-15.587229939101775,0.12677810482624008,0.026880851672718968,-14.209955950234711,0.19339960101734946,0.036545638345806264,0.10351055317152168,0.17542030734112726
dmnelf016,4,1.8941526465597394,4.914593069434104,-0.26706414630762354,2.9795724358177007,-18.068599789852225,0.10522937875453786,0.015360915209675904,-19.202734364710405,-0.11324538319175771,0.011872428992378281,0.1262720167457742,0.18988365063473064
dmnelf1001,1,5.6670161154450005,0.4837395770442305,4.497459218146302,6.318591155724134,-29.002680216206755,-0.03200931998157214,0.0012565677658780102,-20.709634707631828,-0.10389240131678262,0.008421003507705985,0.14487519796306847,0.22610187539776036
dmnelf1001,2,0.16125671515682555,0.9899661441861316,2.0552778728298153,1.6187906720868495,-23.610648419676814,0.05743556508564051,0.004335589360593404,-20.44997496683957,0.09934329601125418,0.008935205644140626,0.13477202798181384,0.19473667545848256
dmnelf1001,3,1.3583110461826406,-0.2941960247607647,0.828922774599734,6.742722480116761,-17.582062468759595,-0.0985998995984164,0.017150654801198848,-8.104319253793314,-0.45992735368998217,0.1339949682201513,0.09911338693500811,0.2432111769662283
dmnelf1001,4,1.1510943023846918,3.1791894663766413,2.3168870961453707,6.371324129005744,-9.699151667832375,0.26658055526559915,0.09679867230407857,-24.823129813592573,0.056726966044409396,0.003282909598161447,0.11796284227343261,0.17380618199495065
dmnelf1002,1,0.2191247116673854,-1.2350404426504735,-1.3539750745976253,1.5391965286470648,-14.783615619754485,0.10241600854623098,0.03216902910084296,-21.08332409060615,0.10572709173617466,0.0077320835858901696,0.05613973769255665,0.2551984934571125
dmnelf1002,2,5.980453826014599,7.293121336914169,0.6060506123356484,8.625332620872793,-7.5662394738286745,0.26784105447942474,0.14903484777463405,-12.290235520654749,0.26677990237580196,0.055728012455059775,0.07287043542078331,0.21453734197333538
dmnelf1002,3,3.2257921845000097,1.273251425033328,-2.2248403049998977,4.307932931742865,-11.768656438895995,0.20221940613886835,0.06239560371482851,-14.515364784282834,0.21389953085160507,0.034148670761223,0.10931617573725785,0.23021269418257667
dmnelf1002,4,2.6997786914329147,-0.046615097659861424,-2.5167280743395986,2.0269279573434242,-8.783360319853244,0.1994716646954792,0.11686656881171718,-9.846867963912775,0.35829206824446036,0.093865474872351,0.05348987477031944,0.2204622875144434
dmnelf1003,1,0.1356817793645355,-2.7660300432533083,1.96549700242185,-4.120153290346476,-12.63132170896294,0.136672795546895,0.05173647946771183,-16.851224218723356,0.11299672372607422,0.020230266206027865,0.060907314507375396,0.11000875506207711
dmnelf1003,2,1.4038053528892833,1.2187662306377647,-0.510911799287416,-3.6073622497856994,-20.39027549742049,0.08105257080549745,0.009057759631657442,-10.398925484295765,0.2094991921143837,0.08359757530473212,0.10942801858897601,0.0732528710259967
dmnelf1003,3,2.0307876215702234,7.192521580864533,1.0480505337011154,10.199648186662388,-10.142856293825599,0.23811663710288247,0.08822692331482893,-9.378049927475494,0.2586914294264823,0.103458334948136,0.09858472306974804,0.09756938879968466
