subject,run,varrest_DMN,varfb_DMN,quench_DMN,quenchdb_DMN,varrest_CEN,varfb_CEN,quench_CEN,quenchdb_CEN,varrest_PDA,varfb_PDA,quench_PDA,quenchdb_PDA,grpquenchdb_DMN,grpnoisefb_DMN,grpquenchdb_CEN,grpnoisefb_CEN,grpquenchdb_ATTN,grpnoisefb_ATTN,grpquenchdb_VIS,grpnoisefb_VIS,grpquenchdb_WHOLE,glm_PDA_db,beta_PDA,beta_CEN,fsnr_quench_PDA_db
dmnelf001,1,0.21050935150990988,0.11196281617666021,0.09854653533324967,2.741975797260068,0.1690363981924048,0.11271754324753541,0.05631885494486938,1.759887157747445,0.0888558323142353,0.09762247215785497,-0.008766639843619667,-0.4086386210938136,0.40636016615015014,0.8914825237828216,-1.297445635789291,0.9313992050490573,-2.5999497241044263,1.047699514058772,-1.507177515598604,0.9847039668839909,-1.3319959726467596,-11.03272299937972,-0.2157354801503785,0.04518952632531048,2.741975797260068
dmnelf001,2,0.06323288187021966,0.07637253703567942,-0.013139655165459757,-0.8199424231120507,0.03660121950774771,0.07757185686310662,-0.04097063735535891,-3.2620863162375984,0.044890300060077416,0.06639400000375759,-0.02150369994368017,-1.6997632577770245,-0.1307853382365633,0.9436076225577338,-2.3673535201116502,1.087612261910103,-1.7050288537073246,1.0410609581622041,-1.947669832298592,1.0600412350845592,-1.5420830714608402,-13.890616419485042,-0.11823396342953772,0.010706329416057517,-0.8199424231120507
dmnelf001,3,0.1159644243718882,0.23027756982404607,-0.11431314545215787,-2.979268610245303,0.1502329054799778,0.15247409298788972,-0.0022411875079119126,-0.06430992068639235,0.13284386507833978,0.06239701381965637,0.07044685125868341,3.2817769703721944,1.5169113129902883,0.8881269982155245,-0.5788955419218378,0.9914488226658471,-0.17514606476300715,0.983966685298673,-1.5892975244961234,1.0326475489308118,-0.43139247316195967,-13.791867528274606,-0.1366672769417644,0.2928107997730844,-2.979268610245303
dmnelf001,4,0.13942319786561927,0.1331329996249969,0.00629019824062238,0.2004932244165858,0.13359082653149826,0.11486995035236024,0.01872087617913802,0.6557020349347671,0.06074778231243766,0.05367933540532017,0.007068446907117491,0.5372329772946123,-0.7591738113454216,1.026658131914073,-1.080167580364097,1.0398013849672998,-1.7383392440281003,1.0608028086909926,-1.649011421932289,1.0248819390401624,-1.2700399399146995,-14.278130066010064,-0.1060449868606069,0.2027351968952609,0.2004932244165858
dmnelf004,1,0.1013993899051936,0.11362912028287213,-0.012229730377678535,-0.4945430241741512,0.2668739273117477,0.1359613560283173,0.1309125712834304,2.9289065931936795,0.41771944184220394,0.28698439728931197,0.13073504455289198,1.6302640328716596,-0.5441160702172511,0.9818861656271155,-1.4662379151728178,1.0083875879272328,-0.10296272967744677,0.9434292762563605,-0.5985801547282026,0.9676844471652529,-0.02858766634824106,-4.334691015646347,0.7820673319163708,0.552036739123899,-0.4945430241741512
dmnelf004,2,0.1769025063186785,0.2057569868122119,-0.028854480493533424,-0.6562060535915182,0.0918273913912627,0.20557400975827742,-0.11374661836701472,-3.4999595979007663,0.09262080113589649,0.30716164381451855,-0.21454084267862206,-5.206584499433768,-0.9188033952829454,0.9942530401258599,-2.8232654097354852,1.0902304302607373,-2.165733079073059,1.0603247093506238,1.7741184599487465,0.8855349714168722,-0.7578328988528971,-5.37184887690365,0.6454109426024418,0.1459973683894246,-0.6562060535915182
dmnelf004,3,0.09636844742126202,0.09704538490744086,-0.0006769374861788358,-0.030400247152065796,0.05230168219113471,0.13037918378890376,-0.07807750159776905,-3.9669260049856274,0.2249039573148755,0.23870073645870632,-0.013796779143830817,-0.25856661764264033,-0.7714457432972396,0.9769190740918282,-3.652063726149851,1.1153772522928849,-1.3631145409443302,1.0076181117628178,-0.5084733479065456,0.9816762022123275,-1.094364370950133,-7.627846813753264,0.4642869284785785,0.24470375597148544,-0.030400247152065796
dmnelf004,4,0.21281102238371719,0.11795628871754693,0.09485473366617025,2.562730183552025,0.05263119418430084,0.1185082839055813,-0.06587708972128045,-3.525054851119332,0.24676154484450483,0.0749731813508046,0.17178836349370025,5.1737154073543365,0.4913322278056047,0.942277339113745,-1.2880359069134861,0.9959487908013576,-0.10423434560741102,0.9822188180237659,-1.4024567840656401,1.0302582984065136,-0.5448864712892925,-6.005906221196363,0.39693247314640523,0.24519656995689998,2.562730183552025
dmnelf005,1,0.1428803603651444,0.09077293723035992,0.052107423134784475,1.9701614832801273,0.13446433092671625,0.1553569958764263,-0.020892664949710038,-0.627237195115298,0.010607210410462021,0.03472095324346175,-0.02411374283299973,-5.149904561276758,-0.1027833750549697,0.9932071446581124,-1.4664686435495475,1.021142225234452,-0.30830398997563846,0.9891816816638753,0.5671162797483144,0.9369115377197202,-0.24253918357281073,-10.07868041423155,0.12655004157551336,0.24458402083860004,1.9701614832801273
dmnelf005,2,0.2432121642729254,0.09104879765656805,0.15216336661635738,4.267110773119237,0.3072389966106236,0.1293992161179579,0.1778397804926657,3.7554469266415342,0.2142827237438819,0.08740967596323529,0.12687304778064662,3.8942764778110694,0.0999670493314283,0.9970572781977521,-0.5011517064542138,0.9941763318033932,0.4888203596831521,0.949524111100655,0.4747160697600586,0.9509046232573163,0.3288601820588809,-7.857416185732365,0.3181400393109029,0.23648836827201505,4.267110773119237
dmnelf005,3,0.1811982517320905,0.0957857138830816,0.0854125378490089,2.768532627790228,0.22341109548416496,0.2137328703331526,0.009678225151012354,0.192334199373437,0.02077239999860604,0.16271355931000392,-0.1419411593113979,-8.939370683543082,-1.5524078962611052,1.0373756893478971,-2.252647685773718,1.059574529460565,-1.3296099847105671,1.052159737203708,1.508859367343671,0.8953622049496491,-1.0876908192299637,-19.900456236753982,0.08771508306019096,0.08195876564435586,2.768532627790228
dmnelf005,4,0.10636072335289866,0.05785825471262299,0.048502468640275666,2.644159532121744,0.11686855377051203,0.09646916078157008,0.020399392988941945,0.8330916928567231,0.08590401106260058,0.09294141905604016,-0.007037407993439576,-0.3419585657822183,2.2728640529971664,0.8500322182108899,0.7031892180215955,0.9653322218269732,3.2305075981301985,0.7853587465170606,1.870907269465354,0.8759810735072127,2.4883093854574097,-10.504953653220856,0.21579576495419459,0.1682588994461232,2.644159532121744
dmnelf006,1,0.19440733485423475,0.3645591246118472,-0.17015178975761244,-2.7305532620758246,0.15274052581965597,0.2788123569687003,-0.12607183114904436,-2.613577364343403,0.07978085205950339,0.09061935403401042,-0.010838501974507031,-0.5532229178976996,-0.547584627581459,1.0085231153829246,-0.16550756764619398,0.9545247540658183,0.35573489757832905,0.9331628512483071,0.20495216437507283,0.921768709015442,0.017349257319219623,-9.783350824184867,0.2270080905371062,0.10266401568616894,-2.7305532620758246
dmnelf006,2,0.2711600902258288,0.19028487551620174,0.08087521470962708,1.5382149927624584,0.2342161202426114,0.10787340290359104,0.12634271733902036,3.3670240375510536,0.015364120857957724,0.12166504630718253,-0.1063009254492248,-8.986581109804249,-0.5192753796093007,1.0160281562247084,-1.2561541489533512,1.0389456225265896,-0.515846159353583,1.022283006452393,-2.0301880709996523,1.0850602304012653,-0.9501650364394819,-18.48287823289691,-0.08718726472895318,-0.15099446182489262,1.5382149927624584
dmnelf006,3,0.050678968931501235,0.19149458519460064,-0.1408156162630994,-5.773287275922074,0.3078560532806813,0.08626126105107236,0.22159479222960893,5.525318946170291,0.3086805886933343,0.2146384365878385,0.09404215210549582,1.578018235306383,-2.518238345862546,1.0214980569797751,-1.2890086684542092,1.0221700110555598,-2.0290043521186707,1.0370779138776678,-4.856400895914031,1.1517232532352442,-2.4692075919595045,-8.815147425555828,0.4109805183060856,0.03459594821877708,-5.773287275922074
dmnelf006,4,0.07971830559628484,0.2863480594917098,-0.20662975389542498,-5.553361851099278,0.051933920553332326,0.131472451189372,-0.07953853063603969,-4.033836508124507,0.1371493772187557,0.13764435783354975,-0.000494980614794055,-0.01564574113080597,-2.7267723558318564,1.0698539401066303,-3.5339573804516884,1.050216075856235,-1.686074952387549,1.0100804754043726,-2.945519402783043,1.0798041924167305,-2.1531939423607014,-12.78168771075281,0.19838148279538378,0.12010916318815214,-5.553361851099278
dmnelf007,1,0.5352657870543929,0.26771299027488654,0.26755279677950633,3.0090004014605425,0.29067613582364843,0.3402618503990692,-0.04958571457542077,-0.6840388128319325,0.17782217187920632,0.028871561923024026,0.14895060995618228,7.895156308956811,-1.0352121445813693,0.9751804280327511,-0.23341263498536202,0.9713152694925601,0.5382902845294975,0.9388870041121576,0.7983330250738518,0.9285382296814828,0.14024244358764051,-15.051985348360349,-0.10058745987647201,0.2804302497192504,3.0090004014605425
dmnelf007,2,0.062480820648260806,0.23968059562950383,-0.17719977498124304,-5.838861501792515,0.15458420642532159,0.2681864463635094,-0.11360223993818783,-2.392717048405921,0.045910375914883075,0.11971272435263729,-0.07380234843775421,-4.162294655458992,-0.9530091258455607,1.0301810436314633,0.8809559560629642,0.9548175178119852,1.2995561487225384,0.9156933419951923,1.2827490728201358,0.9089892287578666,1.0267869820551712,-18.85394277157913,0.08583081141416311,-0.2511365685480541,-5.838861501792515
dmnelf007,3,0.22251728214034397,0.1619836682573743,0.060533613882969656,1.3789251705510255,0.17108544819315522,0.2854803277213426,-0.11439487952818736,-2.22363114785394,0.05666651240612644,0.20722591766145823,-0.1505594052553318,-5.631175871037629,0.8167132536473005,0.9485040096603257,-1.346892675175557,1.0319382921667215,0.7572017009781766,0.9490479108467859,0.4969889152529821,0.9731519355422048,0.7801457569930833,-15.334767124250341,0.1667206687262286,0.04007679276111314,1.3789251705510255
dmnelf007,4,0.44971482394331574,0.15068912088584224,0.2990257030574735,4.748553042163044,0.6057070503931377,0.259434400490487,0.34627264990265066,3.6823506669482713,0.05587067406835583,0.1628112194999083,-0.10694054543155246,-4.645004182273732,-0.06090878940457337,0.9510740251104189,0.5302256264582921,0.9458913220064419,0.4861554958519903,0.9493812620465865,-1.234623624259812,0.9765462192077802,0.2942784243137748,-18.403534138587375,0.12237644242512397,0.03822862650830198,4.748553042163044
dmnelf008,1,0.5688121880426121,0.05011112681215644,0.5187010612304557,10.55034725014798,0.027349869526479012,0.12698852056945473,-0.09963865104297571,-6.668092047864037,0.4459506266169291,0.16468954095434424,0.28126108566258484,4.3262075947587135,1.2695439638476678,0.9081939173763848,-0.3026800503754358,0.9695491638459369,-0.36778702802047536,0.9824173917283502,0.2078155746621566,0.9855437765553803,0.4006995661429569,-8.583920866920518,0.4066224907329137,0.4437766698777325,10.55034725014798
dmnelf008,2,0.7091259050056021,0.032449776282658695,0.6766761287229435,13.395116438257697,0.24676279996605616,0.09197330176043897,0.1547894982056172,4.286179118951874,0.3595966761400096,0.1029792008749236,0.25661747526508605,5.430661514137239,1.9179034335423808,0.866954151312957,0.5159622403710671,0.948419293942747,1.4315480179239053,0.8926014919038088,0.10398275910772585,0.9637252768684924,1.0363007983097994,-7.136547364950454,0.40906531938739316,0.48929422578847065,13.395116438257697
dmnelf008,3,0.6940795592414979,0.043558670451517296,0.6505208887899806,12.02334639302001,0.029556657779325278,0.1717568854388255,-0.14220022765950022,-7.642588330433338,0.5640923737596742,0.16213202449433683,0.4019603492653374,5.414814226845084,0.10946812286904885,0.973556790329042,-0.02137475915395622,1.0007097476001807,-0.5153216538365757,1.0395018964357308,1.123467780327513,0.927155359025376,0.10172255218443804,-11.696631555694903,0.30180580517668704,0.2117687639264693,12.02334639302001
dmnelf008,4,0.5235542891987945,0.06480642807161889,0.45874786112717564,9.0734363672887,0.04386117565348016,0.06653482765600494,-0.022673652002524775,-1.8096876795957564,0.29671545805071703,0.11144911947245006,0.18526633857826696,4.252635308481339,-1.1963323556257872,1.0509587318268494,-1.65297089277028,1.0556673926874665,-2.3596627744511482,1.0737309075903458,-2.6481035981605068,1.0591152284937793,-2.0392575001905153,-9.939455983110756,0.28708165438871946,0.1760270770460401,9.0734363672887
dmnelf009,1,0.25720056003400843,0.12675825629227158,0.13044230374173685,3.0729565356334043,0.12477604554258641,0.11586556774474714,0.008910477797839267,0.32176823630923623,0.20420011089976758,0.0659915413782428,0.13820856952152477,4.90567701225802,0.38483077728797715,0.9311440067045722,1.1555054874875175,0.8749083229578162,-1.3755659091199093,1.0122281028126874,-0.5034553254939617,0.9839611639265189,-0.11390611170629952,-12.820224593107865,0.16595393805309977,0.37340322771231677,3.0729565356334043
dmnelf009,2,0.516315002359052,0.08298479307376681,0.4333302092852852,7.939162289546572,0.31426596359352393,0.05261274864636248,0.2616532149471614,7.762063563094163,0.0792434106369542,0.13488494375717702,-0.055641533120222825,-2.310003158799777,2.4673619524478547,0.7600878838666095,2.439452216360042,0.788991501634371,1.2368632746238108,0.8631627392366229,0.49476028999174687,0.8999671323655273,1.1164388769409417,-21.010618541215422,-0.07413373317596277,0.06812710617593738,7.939162289546572
dmnelf009,3,0.23678636065266012,0.1052101570754502,0.13157620357720992,3.5229901358876345,0.10943888359729283,0.1495367486430647,-0.04009786504577188,-1.3557627951366373,0.27444275470263657,0.14136719522125504,0.13307555948138153,2.8810312836414527,-0.5843852716463928,0.94108973391312,-2.043921342557198,0.9370820793127468,-0.7961290142127558,0.9876876415390321,-0.14422643531288684,0.9920985549685302,-0.49277545618511376,-7.786988168473298,0.4333975470108113,0.3554127329829683,3.5229901358876345
dmnelf009,4,0.12302266942742668,0.10508495522497308,0.017937714202453603,0.6844460287814262,0.09143706587209652,0.10667721540769536,-0.015240149535598838,-0.6694938927266408,0.0605721327676092,0.10802588235076614,-0.04745374958315694,-2.5125495669162,0.4248733053083978,0.966603888949295,-0.6644824618495675,1.0307916548349945,-0.3891125542698307,1.016427341850888,0.19952519909663394,0.9807241171590912,-0.01805457099446768,-8.656462377710087,0.2702409864533082,0.0022028103058902545,0.6844460287814262
dmnelf010,1,0.17815949689071395,0.31638222422803275,-0.1382227273373188,-2.49403097287666,0.18457006117569796,0.1893566640729548,-0.004786602897256825,-0.11119337785918362,0.05442946915727882,0.15485745156672626,-0.10042798240944743,-4.54098009231927,-0.9434195480000671,0.9846995751802116,2.3746536081499743,0.8385101447244147,1.561970662781135,0.8456541703329548,1.7287077488317095,0.8770159208520566,0.9472670401248453,-28.585359372355903,0.0360215453265703,-0.20383481400135822,-2.49403097287666
dmnelf010,2,0.4276176316274377,0.22067637385714586,0.20694125777029185,2.8729976479508186,0.2030846694164014,0.18312003129075644,0.019964638125644973,0.44941286469581504,0.16971194806147813,0.07375770256008847,0.09595424550138966,3.619050379507595,-0.23691483876109523,0.9863539701482358,-1.344810168021955,1.0292595541713039,-1.4142620581686165,1.0283359273413224,-1.68152246715408,1.0632651995817521,-1.104641799563772,-18.706497426417588,-0.08498331862766281,-0.23696497645251158,2.8729976479508186
dmnelf010,3,0.13878218480358745,0.07605106625539793,0.06273111854818952,2.6122841281592635,0.11360988595496989,0.08097764046002962,0.032632245494940273,1.4705100581097477,0.13125860085590882,0.04907660675216108,0.08218199410374774,4.272532434415411,1.5296162007173288,0.8267650334281025,-0.10507664241844872,0.9332100820661456,-1.009939183063658,0.970460129988154,0.08341379995989791,0.938294727290558,0.04990374236531991,-13.10109037477371,0.15128670909338038,0.21757718852099542,2.6122841281592635
dmnelf010,4,0.24642507001445912,0.10999319436741319,0.13643187564704595,3.5031907382501144,0.0917442893671089,0.06872742013144777,0.02301686923566114,1.2544899925630462,0.1093250058043781,0.0651139642994003,0.04421104150497779,2.2504537199942893,0.3370240401764224,0.9789539750247102,-0.8516841514506971,1.0402985898917294,-1.7408668038160846,1.0608638504450423,-0.14160037721338237,0.988860968487304,-0.8765622569860863,-26.500305192837615,0.03054265846289746,-0.04958905153528079,3.5031907382501144
dmnelf011,1,0.39400943526204335,0.13887563628668623,0.25513379897535715,4.5288056014869635,0.4504316210517069,0.21248943299732587,0.23794218805438105,3.2629153345446067,0.029605797334583243,0.05658398964131432,-0.02697819230673108,-2.813168037030777,2.3930397007181727,0.84626930866283,1.1959812274405375,0.8986315515374326,3.5580989484513394,0.7611589365167611,-1.1125307309633623,0.9998021379491718,1.7954929296028974,-60.741239467957186,-0.0004892390334567997,-0.15459504601523066,4.5288056014869635
dmnelf011,2,0.4052365315688426,0.13192741592712237,0.2733091156417202,4.873735335994704,0.5736435041280461,0.13405025708107937,0.43959324704696673,6.313744288406737,0.11296113016784051,0.054308797849562496,0.058652332318278017,3.18058839224802,2.1242235577650237,0.8467741259519027,3.1738787809188107,0.7732615098154602,5.357254557108148,0.6545237511349434,1.7986293356028498,0.8604799356335043,3.8596706581186924,-15.07298640414132,0.11110174701490312,0.14715577937763966,4.873735335994704
dmnelf011,3,0.24226381924588192,0.05554928718219042,0.18671453206369149,6.396100691418659,0.3631163127249576,0.10611232329010335,0.25700398943485425,5.34279936345682,0.1602130476768617,0.04734191566294662,0.11287113201391508,5.294520545102231,3.106805815266783,0.8051595064808877,3.099980262343728,0.7926038538563159,4.026620705879515,0.7410957202155651,1.2517817475559558,0.9441208608648899,3.0771209903484102,-12.99435745316487,0.1445421255644813,0.2564775333829428,6.396100691418659
dmnelf011,4,0.18150295889601564,0.05443415565889657,0.12706880323711908,5.230122185179718,0.347180806689245,0.0755362427362117,0.27164456395303327,6.624003292257744,0.08768896345973841,0.0309054591019825,0.05678350435775591,4.529097370259908,0.5680884592852755,0.9373328194164374,0.9688624761129097,0.9225783726773263,1.9011816854169548,0.8588695464419142,1.8351528991682902,0.892707544291829,0.885555796587068,-15.220402886750943,0.08377193855990998,0.026665967966258503,5.230122185179718
dmnelf012,1,0.29970360418011033,0.10706505628557642,0.1926385478945339,4.4704421607254865,0.1558274332481885,0.10650701249919875,0.04932042074898976,1.652657141523553,0.16836577702964928,0.16317139619928028,0.005194380830368994,0.1360978935340251,-0.3976638683260128,1.0083221926973758,0.38467027166418055,0.9303758274630316,0.6885986795380953,0.906935469203804,1.0926134863043953,0.8487489360639747,0.4567260021055143,-8.917823420788846,0.35566726807878507,0.46608951073391536,4.4704421607254865
dmnelf012,2,0.3689954077397892,0.10774688585437145,0.2612485218854178,5.346162344124963,0.24258284225109114,0.15086224138802679,0.09172060086306436,2.062795243900018,0.10897962161210904,0.12975382136617772,-0.020774199754068676,-0.7577486141221166,0.7974397251282469,0.9356746512013032,-0.5415382234279211,1.026090259307449,-1.7337534517746274,1.0895077636044104,-1.1981462196363586,1.0684780568982273,-0.7626508826977199,-7.459446898550507,0.35978304935501454,0.42404231121666053,5.346162344124963
dmnelf012,3,0.3149195491372199,0.11489104783950048,0.20002850129771943,4.379134306540433,0.25163391477036146,0.11619338241554017,0.13544053235482129,3.3558777985403783,0.10958759800317759,0.09309677002680207,0.01649082797637552,0.7082679446269601,-0.18337903966305916,0.9882539552511895,1.0593648472356187,0.914937144692963,1.1372351889891223,0.9272314662987993,0.17247005721420453,0.993661634515235,0.5278106827011974,-9.8972757049404,0.24130224963143507,0.10106532247497585,4.379134306540433
dmnelf012,4,0.32520688108186024,0.08220804895145052,0.24299883213040974,5.972453851050333,0.28533783758958725,0.06412533483694471,0.22121250275264254,6.483297198135917,0.08754221533432734,0.10092227687741823,-0.01338006154309089,-0.6176950731667307,1.0039336073105474,0.9311529376823721,0.4098968198950563,0.9666269285784918,-0.24475996629725313,0.9739977436393386,-0.4740653340687273,0.9732557059148085,-0.07353320382837285,-12.249857522104284,0.17880765018277656,0.10893798085511007,5.972453851050333
dmnelf013,1,0.04084774329281063,0.019549597239386127,0.0212981460534245,3.2003025365657867,0.03783713994181915,0.03486915052917452,0.002967989412644631,0.354769338735812,0.007252538548682108,0.01195506023223398,-0.0047025216835518725,-2.170617226866079,2.378809248944739,0.8009279659244615,3.133552524824219,0.7195058743364479,3.1536321339842917,0.7417726310353217,3.7583062718548845,0.7157208967318827,3.404350799665505,-19.336458072923254,-0.026787140810837624,-0.03141708411653197,3.2003025365657867
dmnelf013,2,0.21589959313858986,0.029653950866763014,0.18624564227182686,8.621692602626132,0.13831087480843862,0.01373289525550567,0.12457797955293295,10.030942206304946,0.08473584769066543,0.01524211406469297,0.06949373362597246,7.450219711060905,5.9040608636171,0.6216994094423614,5.161533132930404,0.6650527228602605,5.531163254355338,0.6506674282078974,10.063907030726847,0.34398001490776026,6.7277888234997105,-32.14053499540747,-0.009968596850340574,-0.10000902747894054,8.621692602626132
dmnelf013,3,0.03000613377179763,0.1275937393325245,-0.09758760556072686,-6.286193242090173,0.022465091604297355,0.054929438126905504,-0.03246434652260815,-3.8829696282263355,0.011015148384500817,0.034227823517767444,-0.02321267513326663,-4.923889321703681,0.23117297170565632,0.9869488066187418,0.20285309913951224,1.0051013707342324,-0.03839882226389377,1.0091132837970853,2.209723390324598,0.8544293651656475,0.7310394473399835,-16.267208604625026,-0.061413495387474246,0.023615312859841545,-6.286193242090173
dmnelf013,4,0.030122115443163518,0.10690524968194307,-0.07678313423877955,-5.501135635424839,0.08833037028337537,0.05450943989817271,0.03382093038520266,2.0963833147857107,0.03605661090134357,0.05050015551273815,-0.014443544611394576,-1.463078122025342,0.42625660627430917,0.974321521016336,0.676983276728301,0.9620819201797354,0.8659965564190732,0.9458254992773978,4.651422765653325,0.7172610266276606,1.8201978097690006,-17.90356967377228,-0.06471889785129457,-0.04887466336019072,-5.501135635424839
dmnelf014,1,0.16590032121301335,0.2836795358950535,-0.11777921468204017,-2.329807808458476,0.18613196803743656,0.36783020556100826,-0.1816982375235717,-2.958264205400831,0.2731191790148003,0.06427343019608321,0.2088457488187171,6.283207199950961,-0.7385466336740248,1.008666898643134,0.7767523570690074,0.9227439511003149,0.18914898326029234,0.913440813169946,-0.6227145487705902,1.0244910336874318,-0.3892522833937434,-8.723339270832488,0.3002721268834625,0.7111039977320156,-2.329807808458476
dmnelf014,2,0.23564941321741567,0.1393015258694265,0.09634788734798916,2.2831048908642835,0.42395233139598354,0.1331618839987528,0.2907904473972307,5.029370968708563,0.2079349816441829,0.20459108341721993,0.0033438982269629602,0.07040856222324414,-0.22134555341824444,0.9768510328355569,0.05692343612434991,0.9624681128972545,-0.3804477310841869,0.9039803708131509,-0.94175124891765,0.9606258865464947,-0.39432838714196305,-6.205097403377556,0.5448875162921771,0.339876651757133,2.2831048908642835
dmnelf014,3,0.3788828655240991,0.1578857328896622,0.2209971326344369,3.801620779223191,0.3401954332872919,0.2624911414517472,0.07770429183554473,1.1261382801319906,0.20961094040491113,0.23329060878391492,-0.023679668379003788,-0.4648331001983236,-0.29183526770871643,1.034178288932882,0.5536788539570955,0.9836021128181467,0.04661660468857552,1.00648776729446,-1.4961865596704873,1.0676889323210383,-0.32093012794235987,-18.65696907677601,0.13458172934639198,-0.21365334572629704,3.801620779223191
dmnelf014,4,0.1266359312603412,0.22112938617565198,-0.09449345491531078,-2.4208951193368184,0.1540079565199627,0.190885536015658,-0.036877579495695284,-0.9322986341996944,0.030203467090291022,0.10818128246947888,-0.07797781537918785,-5.540953266433125,-1.6715953811863642,1.030767267420716,-2.409883742573863,1.1024941663053955,-2.851499395953985,1.0743371477525445,-2.3402649246049547,0.9898270245989282,-2.0335427876939303,-10.76401266613549,0.2309992826056967,-0.40510590015407805,-2.4208951193368184
dmnelf015,1,0.20287839405408406,0.11129164158369768,0.09158675247038638,2.607732499963204,0.5728089310637291,0.12759853309106495,0.44521039797266415,6.5216409909961754,0.5805201403332597,0.11983983608838272,0.460680304244877,6.852160852277439,-0.35559052529764207,0.9582771512505008,3.3764171209721376,0.6759357951680477,1.9638405361722246,0.7554131038761484,-1.6749051390213623,0.9957316884828232,0.4773361670473986,-7.259055994942324,0.543585670003632,0.5135011204765614,2.607732499963204
dmnelf015,2,0.17212477884621552,0.1942815520245194,-0.02215677317830389,-0.5258816892656506,0.19003116517977642,0.17791585623755962,0.012115308942216796,0.28610176193969794,0.30675153195634375,0.18310620940429503,0.12364532255204871,2.2408366820241357,-1.6350374808431267,0.9824526692743397,-0.5524224522538265,0.985713911226605,-0.9342629412449771,1.012322022368566,-5.893756128882129,1.1661239502750262,-2.0410264047391076,-6.618143019737552,0.5554921219123256,0.39320904095282877,-0.5258816892656506
dmnelf015,3,0.2338412256919663,0.2461282675384556,-0.012287041846489294,-0.2224041603701475,0.13849670365374164,0.1910451075696731,-0.05254840391593146,-1.3969648349534916,0.21120729280779607,0.1181412892739683,0.09306600353382777,2.5230720394272192,-1.7163457583019943,1.0806459389795091,-0.3655276713079536,0.9764038715310264,-0.653720861299301,0.9827020297102896,-2.774881293262633,1.0921454401894057,-1.6722632017645294,-9.742434523558469,0.29775179014143754,0.3729630277149402,-0.2224041603701475
dmnelf015,4,0.29809671907151186,0.17659050741991691,0.12150621165159495,2.2738984162915705,0.24980188462587571,0.1630681207308636,0.08673376389501211,1.8522664434963823,0.40118899328066804,0.1278288668801144,0.2733601264005536,4.967200703365645,0.905805488139784,0.9450357662750614,0.3320536011520672,0.9560364525067869,-0.052394160150800374,0.998506513935331,-2.913167886103693,1.1244545854410977,-0.12972574601285847,-9.416405435360915,0.3501055927195829,0.12966934980793707,2.2738984162915705
dmnelf016,1,0.1506485923638143,0.1917015411377018,-0.04105294877388749,-1.0466052624583664,0.22500857046667797,0.10663782279253498,0.11837074767414299,3.2428779091638873,0.18423541874800073,0.11844390609184914,0.06579151265615159,1.9186040450090758,-0.901680683656109,1.0309517828601205,1.281650156136239,0.9230707521208391,-0.6694520051566719,0.983274431820979,-0.9405777551132798,1.0276239969628052,-0.5927992069112844,-36.402164905690725,0.013377584057025545,0.17400729074535595,-1.0466052624583664
dmnelf016,2,0.3562728950982315,0.14709320565674294,0.20917968944148857,3.8419017008862166,0.31433006519952117,0.10985501242995553,0.20447505276956562,4.565660450598024,0.08537018819662094,0.0779660407475079,0.007404147449113038,0.3940075827092059,-0.34157443960011086,0.9944923708692093,-0.9135977446786772,1.0029446875080332,-1.4937435754048458,0.9747017686658199,-0.44245754653970426,0.9970718090752855,-0.5179274614379263,-15.787552127332805,0.11600812979300743,0.11002787927224704,3.8419017008862166
dmnelf016,3,0.3103628630021246,0.17207744454668414,0.13828541845544048,2.5614580155416866,0.5013556965582698,0.09642564294991617,0.40493005360835366,7.159534105434351,0.05741002186006027,0.08795339673921687,-0.0305433748791566,-1.8526490423241952,-0.10676189673993537,0.9084753042456543,0.27423055051101625,0.9581057546278386,0.00427817693231689,0.9806566134918864,-2.501108337938855,1.088608868449105,-0.189783680653892,-15.587229939101775,0.12677810482624008,0.19339960101734946,2.5614580155416866
dmnelf016,4,0.3420909424904818,0.22117004734491175,0.12092089514557003,1.8941526465597394,0.4217423704059104,0.1360153513524636,0.2857270190534468,4.914593069434104,0.11673573403291317,0.12413956897126659,-0.007403834938353421,-0.26706414630762354,-0.956651602366651,1.042184049189441,-0.5350493163967274,0.9975315871071581,-1.608201068303482,1.0558204357412069,-2.2213554317102697,1.079788182077036,-1.5816722889024373,-18.068599789852225,0.10522937875453786,-0.11324538319175771,1.8941526465597394
dmnelf1001,1,0.3742114085012628,0.10148816778782577,0.272723240713437,5.6670161154450005,0.24452779919835246,0.21875313284344894,0.025774666354903525,0.4837395770442305,0.3065404260745856,0.10882829743373923,0.19771212864084636,4.497459218146302,-0.582456657030038,1.0154513655985362,-0.704026459417029,0.9749150463517787,-0.44772132679058047,0.9495395390709536,-2.5885299219375684,1.0881337975177015,-1.2091997230421625,-29.002680216206755,-0.03200931998157214,-0.10389240131678262,5.6670161154450005
dmnelf1001,2,0.06878648200365,0.06627922583583479,0.0025072561678152194,0.16125671515682555,0.21593976511633442,0.17192380336641552,0.0440159617499189,0.9899661441861316,0.16126977307042545,0.10046740561504368,0.06080236745538177,2.0552778728298153,-0.6243903076535641,1.008170452199419,2.6631560011789115,0.7887740352940146,-0.7968001737004451,0.9800165022593448,-0.4642917026912324,0.9622266454720877,-0.17242062623186816,-23.610648419676814,0.05743556508564051,0.09934329601125418,0.16125671515682555
dmnelf1001,3,0.17145290425421,0.12540467917175396,0.04604822508245604,1.3583110461826406,0.24085449691102148,0.2577355713296959,-0.016881074418674397,-0.2941960247607647,0.11494205163216167,0.09497005013033313,0.01997200150182854,0.828922774599734,-0.3014769722297022,1.0116810504760185,-2.5744066641446075,1.0723641551181566,-0.3591678699284098,1.0043734970846916,0.8785459136839733,0.9152062636369879,-0.3988460819014886,-17.582062468759595,-0.0985998995984164,-0.45992735368998217,1.3583110461826406
dmnelf1001,4,0.09214551350161232,0.07069110402465337,0.021454409476958952,1.1510943023846918,0.3038512001551815,0.1461308833010266,0.1577203168541549,3.1791894663766413,0.18354499661725648,0.10765986741696154,0.07588512920029494,2.3168870961453707,-1.5428548848161572,1.0601268279066969,-0.2983497682869849,0.9834030501732381,-0.07676047271907391,0.9983043498623804,-0.07411683290618759,0.9646283339212043,-0.24071263688782885,-9.699151667832375,0.26658055526559915,0.056726966044409396,1.1510943023846918
dmnelf1002,1,0.15498460232695777,0.14735880199642915,0.00762580033052862,0.2191247116673854,0.20574711315307606,0.2734247316714686,-0.06767761851839252,-1.2350404426504735,0.044244733777505214,0.06043090437952772,-0.016186170602022508,-1.3539750745976253,-0.5839274444119665,0.9982425688099554,1.30714469516479,0.9044414007759748,-0.07314247463293219,0.9680526109308638,0.5094922479593388,0.9123374496872789,-0.150484046005028,-14.783615619754485,0.10241600854623098,0.10572709173617466,0.2191247116673854
dmnelf1002,2,0.3023128860154811,0.07628010403178861,0.2260327819836925,5.980453826014599,0.6155652685876017,0.11480530968151309,0.5007599589060887,7.293121336914169,0.08420837505479055,0.07324031875201695,0.010968056302773602,0.6060506123356484,3.5908816784000237,0.7867945175744141,4.164580406251595,0.7475655000928737,4.565981767318665,0.7181582218745786,3.4565067407961645,0.779020158087573,4.170374733564508,-7.5662394738286745,0.26784105447942474,0.26677990237580196,5.980453826014599
dmnelf1002,3,0.20292733574761163,0.09655201351257275,0.10637532223503887,3.2257921845000097,0.294502809760267,0.21966673759750732,0.07483607216275967,1.273251425033328,0.07365248093710455,0.12293382960217214,-0.04928134866506759,-2.2248403049998977,0.5831768190773512,0.9494963539927767,1.4938971495428899,0.8980428195327139,0.9641534842115603,0.9167148949964812,0.7247379441703236,0.8833095813013956,0.6061424125136593,-11.768656438895995,0.20221940613886835,0.21389953085160507,3.2257921845000097
dmnelf1002,4,0.1817493696770361,0.09761016439648863,0.08413920528054745,2.6997786914329147,0.22534541168143282,0.22777718924099016,-0.002431777559557341,-0.046615097659861424,0.034358436044914786,0.06133469280857803,-0.02697625676366324,-2.5167280743395986,-1.5913343540841358,1.049450291359616,-1.81092483087198,1.0812554657580813,-2.4790448903639333,1.100274675919808,0.23917469813887224,0.9084241693518783,-1.81668294238381,-8.783360319853244,0.1994716646954792,0.35829206824446036,2.6997786914329147
dmnelf1003,1,0.17212726676744175,0.16683282147762774,0.005294445289814015,0.1356817793645355,0.06600697635637626,0.12479375233282756,-0.05878677597645131,-2.7660300432533083,0.076836489701589,0.048867240513505765,0.027969249188083238,1.96549700242185,-1.6789023204200386,1.0649543842260738,0.5259181343871729,0.9480543812064649,-0.18314556902107773,0.9801789307231135,-1.8883578317260188,1.074623032503132,-1.3725049282782522,-12.63132170896294,0.136672795546895,0.11299672372607422,0.1356817793645355
dmnelf1003,2,0.15207915888583676,0.11007511974904537,0.04200403913679139,1.4038053528892833,0.09100956220245723,0.06874013839242298,0.02226942381003426,1.2187662306377647,0.09319525374147083,0.1048298525773616,-0.01163459883589077,-0.510911799287416,-0.9736059968530871,1.0095306975229643,1.0620550832377327,0.9544995041906444,0.4783838239722723,0.9696442219915006,-2.8255523138624152,1.083621435312483,-1.061892642969691,-20.39027549742049,0.08105257080549745,0.2094991921143837,1.4038053528892833
dmnelf1003,3,0.13824617440028567,0.08661126067166951,0.05163491372861616,2.0307876215702234,0.2829157760247865,0.0540013985236342,0.22891437750115232,7.192521580864533,0.11898030003325549,0.09346951869741153,0.02551078133584396,1.0480505337011154,0.36668506516459803,0.9771791219940553,2.3731990940709995,0.8369964213429585,4.6845753213766566,0.6854643078521356,1.0285126783502747,0.9265978427650294,2.2265218055746447,-10.142856293825599,0.23811663710288247,0.2586914294264823,2.0307876215702234
