subject,target,model,oof_r
dmnelf001,PDA,ridge,-0.10989655304189051
dmnelf001,PDA,elasticnet,0.06506461929533977
dmnelf001,RAW_DMN,ridge,-0.05535904782647214
dmnelf001,RAW_DMN,elasticnet,-0.08195410175494824
dmnelf001,RAW_CEN,ridge,-0.09625183526794
dmnelf001,RAW_CEN,elasticnet,-0.10316639935931535
dmnelf001,GSR_DMN,ridge,0.0355898778201352
dmnelf001,GSR_DMN,elasticnet,0.049850950692917895
dmnelf001,GSR_CEN,ridge,-0.027986588611117122
dmnelf001,GSR_CEN,elasticnet,-0.14223578919539284
dmnelf001,GSR_PDA,ridge,-0.1094243461663325
dmnelf001,GSR_PDA,elasticnet,-0.0652891579418494
dmnelf004,PDA,ridge,0.05093542973141808
dmnelf004,PDA,elasticnet,0.0004700569927207827
dmnelf004,RAW_DMN,ridge,0.0859522638885125
dmnelf004,RAW_DMN,elasticnet,0.030624645602112574
dmnelf004,RAW_CEN,ridge,-0.06098594581412985
dmnelf004,RAW_CEN,elasticnet,-0.028016825702460904
dmnelf004,GSR_DMN,ridge,0.1210956613587447
dmnelf004,GSR_DMN,elasticnet,0.06265303896111662
dmnelf004,GSR_CEN,ridge,0.038249266757692885
dmnelf004,GSR_CEN,elasticnet,0.07174359187168404
dmnelf004,GSR_PDA,ridge,0.0632544450788831
dmnelf004,GSR_PDA,elasticnet,0.10690445384497667
dmnelf005,PDA,ridge,0.3835178606471634
dmnelf005,PDA,elasticnet,0.3120484957211797
dmnelf005,RAW_DMN,ridge,0.2811782384796434
dmnelf005,RAW_DMN,elasticnet,0.30886314254551045
dmnelf005,RAW_CEN,ridge,0.35601351192725567
dmnelf005,RAW_CEN,elasticnet,0.4701536644784296
dmnelf005,GSR_DMN,ridge,0.0713261240172745
dmnelf005,GSR_DMN,elasticnet,0.10220330229643343
dmnelf005,GSR_CEN,ridge,0.29757220554927494
dmnelf005,GSR_CEN,elasticnet,0.43861963577347557
dmnelf005,GSR_PDA,ridge,0.3719865091461305
dmnelf005,GSR_PDA,elasticnet,0.31152127339093977
dmnelf006,PDA,ridge,-0.03217726454339185
dmnelf006,PDA,elasticnet,0.023575325295188163
dmnelf006,RAW_DMN,ridge,-0.058263614100260264
dmnelf006,RAW_DMN,elasticnet,0.14745405674211137
dmnelf006,RAW_CEN,ridge,-0.11537413894889298
dmnelf006,RAW_CEN,elasticnet,-0.07578824929443452
dmnelf006,GSR_DMN,ridge,0.22413848772005557
dmnelf006,GSR_DMN,elasticnet,0.04662301218058719
dmnelf006,GSR_CEN,ridge,0.011374432734086294
dmnelf006,GSR_CEN,elasticnet,-0.09106743171469352
dmnelf006,GSR_PDA,ridge,-0.052739481432980545
dmnelf006,GSR_PDA,elasticnet,-0.13354125404936368
dmnelf007,PDA,ridge,0.27678171076481195
dmnelf007,PDA,elasticnet,0.018319229811313245
dmnelf007,RAW_DMN,ridge,0.1996267120334213
dmnelf007,RAW_DMN,elasticnet,0.23047333268011083
dmnelf007,RAW_CEN,ridge,0.17513673704866423
dmnelf007,RAW_CEN,elasticnet,0.22933213033306354
dmnelf007,GSR_DMN,ridge,0.18591845500164828
dmnelf007,GSR_DMN,elasticnet,-0.3127575047336186
dmnelf007,GSR_CEN,ridge,0.1802416193172023
dmnelf007,GSR_CEN,elasticnet,-0.13523491966394227
dmnelf007,GSR_PDA,ridge,0.23689483424396407
dmnelf007,GSR_PDA,elasticnet,0.07649459716435056
dmnelf008,PDA,ridge,0.5849924105916278
dmnelf008,PDA,elasticnet,0.6234047698717841
dmnelf008,RAW_DMN,ridge,0.682619416453341
dmnelf008,RAW_DMN,elasticnet,0.6895812947515488
dmnelf008,RAW_CEN,ridge,0.14318626074457025
dmnelf008,RAW_CEN,elasticnet,0.5060581548020376
dmnelf008,GSR_DMN,ridge,0.5459220637007455
dmnelf008,GSR_DMN,elasticnet,0.534580198682054
dmnelf008,GSR_CEN,ridge,0.38883513623754756
dmnelf008,GSR_CEN,elasticnet,0.4554132570127464
dmnelf008,GSR_PDA,ridge,0.5100866465680707
dmnelf008,GSR_PDA,elasticnet,0.5944263631352099
dmnelf009,PDA,ridge,0.21638919728853687
dmnelf009,PDA,elasticnet,0.2979042465861542
dmnelf009,RAW_DMN,ridge,0.26794698590224914
dmnelf009,RAW_DMN,elasticnet,0.19883794713565298
dmnelf009,RAW_CEN,ridge,0.1358836803189861
dmnelf009,RAW_CEN,elasticnet,-0.005106218239044624
dmnelf009,GSR_DMN,ridge,0.22338345314674013
dmnelf009,GSR_DMN,elasticnet,-0.0594205936677841
dmnelf009,GSR_CEN,ridge,0.09402883357622004
dmnelf009,GSR_CEN,elasticnet,0.040504481952143415
dmnelf009,GSR_PDA,ridge,0.20625437353150908
dmnelf009,GSR_PDA,elasticnet,0.367924528924478
dmnelf010,PDA,ridge,0.012208007594235949
dmnelf010,PDA,elasticnet,0.04263957024330384
dmnelf010,RAW_DMN,ridge,0.026011973517276955
dmnelf010,RAW_DMN,elasticnet,0.26535187117407505
dmnelf010,RAW_CEN,ridge,0.155969210220821
dmnelf010,RAW_CEN,elasticnet,0.10312433995767116
dmnelf010,GSR_DMN,ridge,0.09618094871134991
dmnelf010,GSR_DMN,elasticnet,-0.14890367187907805
dmnelf010,GSR_CEN,ridge,0.186887544416639
dmnelf010,GSR_CEN,elasticnet,-0.1455868536203972
dmnelf010,GSR_PDA,ridge,0.03267829533663818
dmnelf010,GSR_PDA,elasticnet,0.07906471925801917
dmnelf011,PDA,ridge,-0.21591923447708727
dmnelf011,PDA,elasticnet,-0.10160339329936192
dmnelf011,RAW_DMN,ridge,0.01884836291147611
dmnelf011,RAW_DMN,elasticnet,0.3598188983281777
dmnelf011,RAW_CEN,ridge,0.03496473235364334
dmnelf011,RAW_CEN,elasticnet,0.23161285006983662
dmnelf011,GSR_DMN,ridge,-0.12433475451975635
dmnelf011,GSR_DMN,elasticnet,-0.0407431567282912
dmnelf011,GSR_CEN,ridge,0.18112104946882282
dmnelf011,GSR_CEN,elasticnet,-0.18210082830992932
dmnelf011,GSR_PDA,ridge,-0.16929627855556834
dmnelf011,GSR_PDA,elasticnet,-0.13893454472236644
dmnelf012,PDA,ridge,0.23848480263840705
dmnelf012,PDA,elasticnet,0.4766650139085894
dmnelf012,RAW_DMN,ridge,0.03033879703255418
dmnelf012,RAW_DMN,elasticnet,0.44048937571693814
dmnelf012,RAW_CEN,ridge,0.11558992610559109
dmnelf012,RAW_CEN,elasticnet,0.4638986914031145
dmnelf012,GSR_DMN,ridge,-0.032867985926241336
dmnelf012,GSR_DMN,elasticnet,-0.04835104340083907
dmnelf012,GSR_CEN,ridge,0.2394357330824581
dmnelf012,GSR_CEN,elasticnet,0.5847180141007693
dmnelf012,GSR_PDA,ridge,0.1795012947940381
dmnelf012,GSR_PDA,elasticnet,0.43586390705617817
dmnelf013,PDA,ridge,-0.13136070472151848
dmnelf013,PDA,elasticnet,-0.05507594743300771
dmnelf013,RAW_DMN,ridge,0.16686127401900983
dmnelf013,RAW_DMN,elasticnet,-0.13823678257658256
dmnelf013,RAW_CEN,ridge,0.2664841880096546
dmnelf013,RAW_CEN,elasticnet,0.01528004535303138
dmnelf013,GSR_DMN,ridge,0.08817474766766104
dmnelf013,GSR_DMN,elasticnet,0.11110969828529227
dmnelf013,GSR_CEN,ridge,0.38110566500734894
dmnelf013,GSR_CEN,elasticnet,-0.05230381251302177
dmnelf013,GSR_PDA,ridge,-0.06859882338944209
dmnelf013,GSR_PDA,elasticnet,0.008668139518432623
dmnelf014,PDA,ridge,0.06811318298818829
dmnelf014,PDA,elasticnet,0.02798169273098167
dmnelf014,RAW_DMN,ridge,0.051326021409854795
dmnelf014,RAW_DMN,elasticnet,0.2132961400265993
dmnelf014,RAW_CEN,ridge,-0.2078195989264655
dmnelf014,RAW_CEN,elasticnet,0.2183213377560188
dmnelf014,GSR_DMN,ridge,0.23161018679684284
dmnelf014,GSR_DMN,elasticnet,0.22983165012060097
dmnelf014,GSR_CEN,ridge,-0.1046411124197779
dmnelf014,GSR_CEN,elasticnet,-0.07032570795959245
dmnelf014,GSR_PDA,ridge,0.07687939137702975
dmnelf014,GSR_PDA,elasticnet,0.0676651925860241
dmnelf015,PDA,ridge,0.23350515987513917
dmnelf015,PDA,elasticnet,0.4127261908493945
dmnelf015,RAW_DMN,ridge,0.17501704991273778
dmnelf015,RAW_DMN,elasticnet,0.032830840555674354
dmnelf015,RAW_CEN,ridge,0.09653541389156974
dmnelf015,RAW_CEN,elasticnet,0.30979270865099545
dmnelf015,GSR_DMN,ridge,0.1878026293666398
dmnelf015,GSR_DMN,elasticnet,0.21942239978048342
dmnelf015,GSR_CEN,ridge,0.021800890652755228
dmnelf015,GSR_CEN,elasticnet,0.3464113300689487
dmnelf015,GSR_PDA,ridge,0.22365567191137334
dmnelf015,GSR_PDA,elasticnet,0.3185439959641732
dmnelf1001,PDA,ridge,0.16354649807692473
dmnelf1001,PDA,elasticnet,0.11937369373185795
dmnelf1001,RAW_DMN,ridge,0.19970320689274357
dmnelf1001,RAW_DMN,elasticnet,0.2191725594467589
dmnelf1001,RAW_CEN,ridge,0.18838571501774776
dmnelf1001,RAW_CEN,elasticnet,0.2454883860024439
dmnelf1001,GSR_DMN,ridge,0.20336035799652732
dmnelf1001,GSR_DMN,elasticnet,0.05368341033618075
dmnelf1001,GSR_CEN,ridge,0.3093583702913168
dmnelf1001,GSR_CEN,elasticnet,0.45189733450116165
dmnelf1001,GSR_PDA,ridge,0.19269200757956723
dmnelf1001,GSR_PDA,elasticnet,0.21222582393129907
dmnelf1002,PDA,ridge,0.16400940939162026
dmnelf1002,PDA,elasticnet,0.005301767530038121
dmnelf1002,RAW_DMN,ridge,0.16841042022820868
dmnelf1002,RAW_DMN,elasticnet,0.5447645807565621
dmnelf1002,RAW_CEN,ridge,0.10593854296783153
dmnelf1002,RAW_CEN,elasticnet,0.42330286841130743
dmnelf1002,GSR_DMN,ridge,0.042944865733069375
dmnelf1002,GSR_DMN,elasticnet,0.17423245575064358
dmnelf1002,GSR_CEN,ridge,0.24051162234857515
dmnelf1002,GSR_CEN,elasticnet,0.3435702263123008
dmnelf1002,GSR_PDA,ridge,0.22768148964027718
dmnelf1002,GSR_PDA,elasticnet,0.19753293994410426
dmnelf1003,PDA,ridge,0.15449059583573288
dmnelf1003,PDA,elasticnet,0.03831843443440729
dmnelf1003,RAW_DMN,ridge,0.11033760854942752
dmnelf1003,RAW_DMN,elasticnet,-0.01942651383927092
dmnelf1003,RAW_CEN,ridge,0.1562365094543051
dmnelf1003,RAW_CEN,elasticnet,-0.0732905407683201
dmnelf1003,GSR_DMN,ridge,0.09704464696545002
dmnelf1003,GSR_DMN,elasticnet,0.27495050313623204
dmnelf1003,GSR_CEN,ridge,0.25580062058444386
dmnelf1003,GSR_CEN,elasticnet,-0.08287507833464137
dmnelf1003,GSR_PDA,ridge,0.18376754152293023
dmnelf1003,GSR_PDA,elasticnet,-0.013226012050548262
