cohort,subject,run,nvox,denoise,smooth_tr,window,r_halfhalf,reliability,ceiling
rtbpd,rtbpd024,1,2000,raw,1,fb,0.9871773122808095,0.9935472855693621,0.9967684212340207
rtbpd,rtbpd024,1,2000,raw,1,full,0.9884650956056222,0.9941990913394109,0.9970953271073989
rtbpd,rtbpd024,1,2000,raw,3,fb,0.9936693374399346,0.9968246175826757,0.9984110464045737
rtbpd,rtbpd024,1,2000,raw,3,full,0.9944015906885812,0.9971929378027191,0.9985954825667495
rtbpd,rtbpd024,1,2000,raw,5,fb,0.9960082114924543,0.998000114185622,0.998999556649362
rtbpd,rtbpd024,1,2000,raw,5,full,0.9958473894430959,0.9979193747082723,0.9989591456652631
rtbpd,rtbpd024,1,2000,gsr,1,fb,0.984079340596332,0.9919757949806166,0.9959798165528339
rtbpd,rtbpd024,1,2000,gsr,1,full,0.9871380949125398,0.9935274226182924,0.9967584575102899
rtbpd,rtbpd024,1,2000,gsr,3,fb,0.9919543884099538,0.9959609458746349,0.9979784295638032
rtbpd,rtbpd024,1,2000,gsr,3,full,0.9933575929116276,0.9966677293065767,0.9983324743323622
rtbpd,rtbpd024,1,2000,gsr,5,fb,0.9943432054461758,0.9971635802010523,0.9985807830120967
rtbpd,rtbpd024,1,2000,gsr,5,full,0.9959798755700553,0.9979858892972072,0.9989924370570616
rtbpd,rtbpd024,2,2000,raw,1,fb,0.9630158817105082,0.9811595419914458,0.990534977671887
rtbpd,rtbpd024,2,2000,raw,1,full,0.9705611671798685,0.9850606856004057,0.9925022345568829
rtbpd,rtbpd024,2,2000,raw,3,fb,0.9809423340293318,0.990379494827644,0.9951781221608743
rtbpd,rtbpd024,2,2000,raw,3,full,0.985504143674143,0.9926991558430935,0.9963428906973208
rtbpd,rtbpd024,2,2000,raw,5,fb,0.9843926519989149,0.9921349497110042,0.9960597119204271
rtbpd,rtbpd024,2,2000,raw,5,full,0.9858630150939298,0.9928811882800479,0.9964342368064477
rtbpd,rtbpd024,2,2000,gsr,1,fb,0.9612841340935055,0.9802599402944802,0.9900807746312824
rtbpd,rtbpd024,2,2000,gsr,1,full,0.9700513799188308,0.9847980512658492,0.9923699165461684
rtbpd,rtbpd024,2,2000,gsr,3,fb,0.9789601673274221,0.9893682384213969,0.9946699143039347
rtbpd,rtbpd024,2,2000,gsr,3,full,0.9839654325179202,0.9919179199298197,0.9959507617999093
rtbpd,rtbpd024,2,2000,gsr,5,fb,0.9829518891555127,0.9914026603783375,0.9956920509767754
rtbpd,rtbpd024,2,2000,gsr,5,full,0.9865508125100431,0.9932298799480676,0.996609191181813
rtbpd,rtbpd024,3,2000,raw,1,fb,0.9734822742135647,0.9865629774673286,0.993258766619922
rtbpd,rtbpd024,3,2000,raw,1,full,0.9760819807349768,0.9878962414018232,0.9939296964080625
rtbpd,rtbpd024,3,2000,raw,3,fb,0.9863511367996756,0.9931286755158935,0.9965584155060322
rtbpd,rtbpd024,3,2000,raw,3,full,0.9880840142416037,0.9940062966790959,0.9969986442714432
rtbpd,rtbpd024,3,2000,raw,5,fb,0.9881883961173807,0.994059112352891,0.9970251312544188
rtbpd,rtbpd024,3,2000,raw,5,full,0.9899983149055243,0.9949740233348134,0.9974838461523141
rtbpd,rtbpd024,3,2000,gsr,1,fb,0.9715150343621951,0.9855517380586347,0.992749584768805
rtbpd,rtbpd024,3,2000,gsr,1,full,0.9758973895470124,0.9878016892068908,0.9938821304394656
rtbpd,rtbpd024,3,2000,gsr,3,fb,0.9854158585939894,0.9926543644028618,0.9963204125194173
rtbpd,rtbpd024,3,2000,gsr,3,full,0.9870796629372145,0.9934978263308843,0.9967436111312098
rtbpd,rtbpd024,3,2000,gsr,5,fb,0.9880170630062203,0.9939724174320418,0.9969816535082487
rtbpd,rtbpd024,3,2000,gsr,5,full,0.9901142680401468,0.9950325807323674,0.9975131982747735
rtbpd,rtbpd024,4,2000,raw,1,fb,0.9757196079476216,0.9877106083501389,0.9938363086294135
rtbpd,rtbpd024,4,2000,raw,1,full,0.977710873120213,0.9887298354968227,0.9943489505685731
rtbpd,rtbpd024,4,2000,raw,3,fb,0.9880964330798565,0.9940125807168704,0.997001795744055
rtbpd,rtbpd024,4,2000,raw,3,full,0.9895290129136923,0.9947369518019881,0.9973650042998241
rtbpd,rtbpd024,4,2000,raw,5,fb,0.9900427841360536,0.9949964815111906,0.9974951035023634
rtbpd,rtbpd024,4,2000,raw,5,full,0.9902496354974071,0.9951009339086471,0.9975474594768146
rtbpd,rtbpd024,4,2000,gsr,1,fb,0.9758666935574928,0.9877859642448571,0.9938742195292406
rtbpd,rtbpd024,4,2000,gsr,1,full,0.9779649030530583,0.9888597128731001,0.99441425616948
rtbpd,rtbpd024,4,2000,gsr,3,fb,0.9875905847681423,0.9937565536247973,0.9968733889641138
rtbpd,rtbpd024,4,2000,gsr,3,full,0.9892649710829012,0.9946035198562538,0.9972981098228623
rtbpd,rtbpd024,4,2000,gsr,5,fb,0.9899994141975348,0.9949745785194123,0.9974841244448015
rtbpd,rtbpd024,4,2000,gsr,5,full,0.9902666288092077,0.9951095139465731,0.9975517600338205
rtbpd,rtbpd024,5,2000,raw,1,fb,0.9714481705386229,0.9855173319349418,0.9927322559154316
rtbpd,rtbpd024,5,2000,raw,1,full,0.9768419750325228,0.9882853433607933,0.9941254163136527
rtbpd,rtbpd024,5,2000,raw,3,fb,0.9857993681413467,0.9928489090658011,0.9964180393117144
rtbpd,rtbpd024,5,2000,raw,3,full,0.9883107700514374,0.9941210246785213,0.9970561792991011
rtbpd,rtbpd024,5,2000,raw,5,fb,0.989348983406686,0.9946459788191238,0.997319396592247
rtbpd,rtbpd024,5,2000,raw,5,full,0.9908940779664819,0.9954262147171491,0.9977104864223635
rtbpd,rtbpd024,5,2000,gsr,1,fb,0.9733700706368892,0.9865053545914394,0.9932297592155802
rtbpd,rtbpd024,5,2000,gsr,1,full,0.9764833028122315,0.9881017476068187,0.9940330716866611
rtbpd,rtbpd024,5,2000,gsr,3,fb,0.985280586480964,0.9925857263606617,0.996285966156636
rtbpd,rtbpd024,5,2000,gsr,3,full,0.9874770643649025,0.9936990791694498,0.9968445611876757
rtbpd,rtbpd024,5,2000,gsr,5,fb,0.9899388399551323,0.9949439852909778,0.9974687891312579
rtbpd,rtbpd024,5,2000,gsr,5,full,0.9917528050491364,0.9958593280602107,0.9979275164360439
